Gender,Item_Purchased,Size,Color,Sku_ID,Review_Rating,Discount_Applied
Male,Blouse,L,Gray,SKU_01,3.1,Yes
Male,Sweater,L,Maroon,SKU_02,3.1,Yes
Male,Jeans,S,Maroon,SKU_03,3.1,Yes
Male,Sandals,M,Maroon,SKU_04,3.5,Yes
Male,Blouse,M,Turquoise,SKU_05,2.7,Yes
Male,Sneakers,M,White,SKU_06,2.9,Yes
Male,Shirt,M,Gray,SKU_07,3.2,Yes
Male,Shorts,L,Charcoal,SKU_08,3.2,Yes
Male,Coat,L,Silver,SKU_09,2.6,Yes
Male,Handbag,M,Pink,SKU_10,4.8,Yes
Male,Shoes,L,Purple,SKU_11,4.1,Yes
Male,Shorts,S,Olive,SKU_12,4.9,Yes
Male,Coat,M,Gold,SKU_13,4.5,Yes
Male,Dress,M,Violet,SKU_14,4.7,Yes
Male,Coat,L,Teal,SKU_15,4.7,Yes
Male,Skirt,M,Teal,SKU_16,2.8,Yes
Male,Sunglasses,S,Gray,SKU_17,4.1,Yes
Male,Dress,XL,Lavender,SKU_18,4.7,Yes
Male,Sweater,S,Black,SKU_19,4.6,Yes
Male,Pants,M,Green,SKU_20,3.3,Yes
Male,Pants,M,Black,SKU_21,2.8,Yes
Male,Pants,M,Charcoal,SKU_22,4.1,Yes
Male,Pants,M,Peach,SKU_23,3.2,Yes
Male,Pants,XL,White,SKU_24,4.4,Yes
Male,Jacket,M,Green,SKU_25,2.9,Yes
Male,Hoodie,M,Silver,SKU_26,3.6,Yes
Male,Jewelry,M,Red,SKU_27,3.6,Yes
Male,Shorts,L,Cyan,SKU_28,5,Yes
Male,Handbag,M,Gray,SKU_29,4.4,Yes
Male,Dress,S,Black,SKU_30,4.1,Yes
Male,Jewelry,L,Black,SKU_31,4.7,Yes
Male,Dress,L,Brown,SKU_32,4.7,Yes
Male,Jacket,M,Silver,SKU_33,4.9,Yes
Male,Pants,L,Green,SKU_34,3.3,Yes
Male,T-shirt,L,Violet,SKU_35,4.6,Yes
Male,Blouse,M,Cyan,SKU_36,4,Yes
Male,T-shirt,M,Maroon,SKU_37,4.6,Yes
Male,Jeans,S,Cyan,SKU_38,2.8,Yes
Male,Dress,M,Red,SKU_39,3.7,Yes
Male,Pants,S,Turquoise,SKU_40,4.2,Yes
Male,Handbag,L,Beige,SKU_41,4.6,Yes
Male,Scarf,M,Orange,SKU_42,4.5,Yes
Male,Coat,M,Beige,SKU_43,4.1,Yes
Male,Scarf,L,Lavender,SKU_44,3.7,Yes
Male,Hat,S,Silver,SKU_45,4.6,Yes
Male,Socks,XL,Indigo,SKU_46,2.9,Yes
Male,Shirt,L,White,SKU_47,2.9,Yes
Male,Jewelry,M,Charcoal,SKU_48,4.5,Yes
Male,Shirt,M,Orange,SKU_49,2.7,Yes
Male,Hoodie,S,Indigo,SKU_50,4.6,Yes
Male,Blouse,M,Red,SKU_51,3.7,Yes
Male,Skirt,XL,Gray,SKU_52,4.7,Yes
Male,T-shirt,M,Green,SKU_53,2.6,Yes
Male,Skirt,S,Peach,SKU_54,3.9,Yes
Male,Coat,M,Brown,SKU_55,4.2,Yes
Male,Jacket,M,Lavender,SKU_56,3,Yes
Male,Backpack,XL,Brown,SKU_57,4.7,Yes
Male,Coat,M,White,SKU_58,4.4,Yes
Male,Hoodie,M,Charcoal,SKU_59,4.2,Yes
Male,Belt,L,Yellow,SKU_60,4.6,Yes
Male,Sweater,L,Brown,SKU_61,4,Yes
Male,Sneakers,S,Magenta,SKU_62,3.8,Yes
Male,Sunglasses,L,Lavender,SKU_63,2.7,Yes
Male,Boots,S,Green,SKU_64,4.8,Yes
Male,Backpack,M,Purple,SKU_65,4.8,Yes
Male,Blouse,S,Magenta,SKU_66,4.7,Yes
Male,Coat,L,Gray,SKU_67,4.4,Yes
Male,Handbag,L,Silver,SKU_68,3.9,Yes
Male,Belt,S,Cyan,SKU_69,4.4,Yes
Male,Belt,M,Magenta,SKU_70,4.2,Yes
Male,Dress,L,Gold,SKU_71,2.9,Yes
Male,Dress,M,Olive,SKU_72,2.9,Yes
Male,Pants,M,Teal,SKU_73,2.7,Yes
Male,Gloves,L,Violet,SKU_74,4.5,Yes
Male,Scarf,M,Blue,SKU_75,2.7,Yes
Male,Hat,S,Teal,SKU_76,4.2,Yes
Male,Skirt,M,Maroon,SKU_77,4.7,Yes
Male,Jacket,M,Olive,SKU_78,2.6,Yes
Male,Sandals,XL,Blue,SKU_79,3.3,Yes
Male,Shoes,L,Maroon,SKU_80,2.6,Yes
Male,Pants,S,Olive,SKU_81,4,Yes
Male,Dress,M,Turquoise,SKU_82,4.1,Yes
Male,Coat,S,Peach,SKU_83,4.4,Yes
Male,Sunglasses,M,Charcoal,SKU_84,4.5,Yes
Male,Hoodie,L,Pink,SKU_85,3.7,Yes
Male,Shoes,M,Green,SKU_86,3.7,Yes
Male,T-shirt,M,Orange,SKU_87,3.5,Yes
Male,Jacket,XL,Pink,SKU_88,3.6,Yes
Male,Hat,L,Violet,SKU_89,2.9,Yes
Male,Scarf,S,Green,SKU_90,4.6,Yes
Male,Sweater,M,Purple,SKU_91,4.5,Yes
Male,Skirt,S,Silver,SKU_92,4.6,Yes
Male,Sneakers,L,Pink,SKU_93,3.8,Yes
Male,Gloves,S,Gold,SKU_94,3.6,Yes
Male,Shoes,M,Teal,SKU_95,4.8,Yes
Male,Jeans,XL,Teal,SKU_96,2.6,Yes
Male,Hoodie,XL,Indigo,SKU_97,3.7,Yes
Male,Sunglasses,M,Maroon,SKU_98,2.7,Yes
Male,Coat,XL,White,SKU_99,4.6,Yes
Male,Socks,L,Violet,SKU_100,4.8,Yes
Male,Boots,L,Red,SKU_101,4,Yes
Male,Sunglasses,L,Pink,SKU_102,4.4,Yes
Male,Backpack,M,Charcoal,SKU_103,3.6,Yes
Male,Jacket,L,White,SKU_104,3.7,Yes
Male,Sneakers,L,Olive,SKU_105,3.1,Yes
Male,Socks,L,Purple,SKU_106,3.4,Yes
Male,T-shirt,M,Violet,SKU_107,2.6,Yes
Male,Backpack,M,Black,SKU_108,4,Yes
Male,Belt,L,Purple,SKU_109,5,Yes
Male,Gloves,M,Red,SKU_110,4.3,Yes
Male,Hat,L,Maroon,SKU_111,3.1,Yes
Male,Coat,S,Blue,SKU_112,3.7,Yes
Male,Skirt,M,Gray,SKU_113,3.8,Yes
Male,Shoes,S,Blue,SKU_114,3.4,Yes
Male,Sandals,L,Yellow,SKU_115,4.6,Yes
Male,Sweater,L,Orange,SKU_116,4.8,Yes
Male,Coat,M,Orange,SKU_117,4.3,Yes
Male,Hat,L,Red,SKU_118,4,Yes
Male,Shorts,M,Olive,SKU_119,4.2,Yes
Male,Backpack,L,Brown,SKU_120,4.8,Yes
Male,Sweater,M,Gray,SKU_121,3.1,Yes
Male,Shorts,M,Indigo,SKU_122,3.6,Yes
Male,Shorts,L,Pink,SKU_123,3.9,Yes
Male,Scarf,M,Gold,SKU_124,4.7,Yes
Male,Dress,XL,Olive,SKU_125,4.2,Yes
Male,Scarf,L,Violet,SKU_126,3.7,Yes
Male,Skirt,L,Indigo,SKU_127,3.9,Yes
Male,Backpack,M,Orange,SKU_128,4.7,Yes
Male,Sweater,M,Violet,SKU_129,2.5,Yes
Male,Hat,L,Gray,SKU_130,4.9,Yes
Male,Sandals,M,Purple,SKU_131,4.1,Yes
Male,Blouse,M,White,SKU_132,3.3,Yes
Male,Sneakers,M,Turquoise,SKU_133,4.7,Yes
Male,Shirt,L,Yellow,SKU_134,3.9,Yes
Male,Gloves,M,Turquoise,SKU_135,4.9,Yes
Male,Jacket,L,Violet,SKU_136,3.1,Yes
Male,Shoes,M,Silver,SKU_137,3.2,Yes
Male,Jewelry,M,Teal,SKU_138,4.5,Yes
Male,Skirt,S,Black,SKU_139,4,Yes
Male,Shoes,M,Purple,SKU_140,3.5,Yes
Male,Gloves,M,Gray,SKU_141,2.6,Yes
Male,Pants,M,White,SKU_142,3.2,Yes
Male,Boots,L,Cyan,SKU_143,4.9,Yes
Male,Sunglasses,L,Turquoise,SKU_144,4.5,Yes
Male,Shirt,S,Brown,SKU_145,4.3,Yes
Male,Hoodie,M,Maroon,SKU_146,3.2,Yes
Male,Dress,M,Charcoal,SKU_147,3.6,Yes
Male,Socks,S,Olive,SKU_148,4.3,Yes
Male,Shorts,M,Lavender,SKU_149,4,Yes
Male,Hat,S,Yellow,SKU_150,3,Yes
Male,Shirt,XL,Teal,SKU_151,4.1,Yes
Male,Gloves,M,Charcoal,SKU_152,3.8,Yes
Male,Gloves,M,Orange,SKU_153,4.6,Yes
Male,Backpack,M,Olive,SKU_154,3,Yes
Male,Sunglasses,M,Turquoise,SKU_155,3,Yes
Male,Skirt,M,Purple,SKU_156,3.4,Yes
Male,Handbag,S,Purple,SKU_157,2.6,Yes
Male,Handbag,S,Yellow,SKU_158,2.8,Yes
Male,Sneakers,XL,Indigo,SKU_159,4,Yes
Male,Gloves,M,Green,SKU_160,4,Yes
Male,Shoes,M,Magenta,SKU_161,3,Yes
Male,Jacket,S,Gold,SKU_162,3.3,Yes
Male,Shirt,M,Maroon,SKU_163,2.6,Yes
Male,Shorts,M,Blue,SKU_164,3.6,Yes
Male,Jewelry,M,Violet,SKU_165,3.9,Yes
Male,Hat,M,Turquoise,SKU_166,3.4,Yes
Male,Shoes,L,Brown,SKU_167,3.5,Yes
Male,Coat,L,Violet,SKU_168,2.8,Yes
Male,Backpack,L,Black,SKU_169,2.7,Yes
Male,Hoodie,L,Magenta,SKU_170,3.7,Yes
Male,Skirt,L,Lavender,SKU_171,4.3,Yes
Male,Boots,M,Violet,SKU_172,4.9,Yes
Male,Sandals,L,Green,SKU_173,3.3,Yes
Male,Pants,M,Beige,SKU_174,4.7,Yes
Male,Gloves,XL,Purple,SKU_175,2.8,Yes
Male,Skirt,XL,Beige,SKU_176,3.6,Yes
Male,Sneakers,L,Cyan,SKU_177,3,Yes
Male,T-shirt,XL,Silver,SKU_178,4.5,Yes
Male,Backpack,S,Lavender,SKU_179,2.9,Yes
Male,Shoes,S,Purple,SKU_180,3.3,Yes
Male,Hoodie,M,Pink,SKU_181,3.1,Yes
Male,Blouse,M,Maroon,SKU_182,4.4,Yes
Male,Coat,XL,Beige,SKU_183,3,Yes
Male,Hat,M,Gray,SKU_184,3.9,Yes
Male,Shoes,L,Turquoise,SKU_185,2.9,Yes
Male,Belt,S,Silver,SKU_186,3,Yes
Male,Jacket,M,Magenta,SKU_187,4.3,Yes
Male,Boots,M,Lavender,SKU_188,3.9,Yes
Male,Scarf,M,Black,SKU_189,3.2,Yes
Male,Jewelry,M,Turquoise,SKU_190,4.8,Yes
Male,Hat,XL,Green,SKU_191,3.8,Yes
Male,Dress,S,Teal,SKU_192,3.3,Yes
Male,Blouse,S,Beige,SKU_193,4.3,Yes
Male,Hat,L,Magenta,SKU_194,2.7,Yes
Male,Scarf,S,Yellow,SKU_195,3.2,Yes
Male,Sneakers,M,Yellow,SKU_196,4,Yes
Male,Shirt,M,Silver,SKU_197,3,Yes
Male,T-shirt,L,Silver,SKU_198,4.2,Yes
Male,Gloves,M,Silver,SKU_199,2.9,Yes
Male,Skirt,M,Gold,SKU_200,4.1,Yes
Male,Sandals,S,Olive,SKU_201,3.2,Yes
Male,Jacket,L,Teal,SKU_202,3,Yes
Male,Skirt,L,Maroon,SKU_203,4.2,Yes
Male,Handbag,L,Blue,SKU_204,4.2,Yes
Male,Handbag,L,Peach,SKU_205,4.4,Yes
Male,Jacket,L,Blue,SKU_206,4.2,Yes
Male,Scarf,S,Orange,SKU_207,2.8,Yes
Male,Shorts,L,Yellow,SKU_208,3.7,Yes
Male,Sunglasses,M,Purple,SKU_209,3.5,Yes
Male,T-shirt,S,Magenta,SKU_210,2.9,Yes
Male,Belt,M,Cyan,SKU_211,3,Yes
Male,Sneakers,S,Indigo,SKU_212,3.7,Yes
Male,Hat,XL,Magenta,SKU_213,4.4,Yes
Male,Gloves,XL,Gray,SKU_214,4.5,Yes
Male,Pants,M,Turquoise,SKU_215,4.8,Yes
Male,Socks,S,Beige,SKU_216,2.9,Yes
Male,Shoes,L,Violet,SKU_217,3.3,Yes
Male,Jeans,M,Turquoise,SKU_218,4.2,Yes
Male,Socks,M,White,SKU_219,2.9,Yes
Male,Sandals,S,Silver,SKU_220,4.6,Yes
Male,Scarf,L,Olive,SKU_221,4.1,Yes
Male,Blouse,M,Blue,SKU_222,3.1,Yes
Male,Jewelry,L,Purple,SKU_223,4.2,Yes
Male,Sweater,XL,Yellow,SKU_224,4.5,Yes
Male,Gloves,S,Silver,SKU_225,3.7,Yes
Male,Sunglasses,M,Cyan,SKU_226,3.7,Yes
Male,Coat,L,Green,SKU_227,3.4,Yes
Male,Dress,M,Beige,SKU_228,3,Yes
Male,Skirt,M,Peach,SKU_229,4.2,Yes
Male,Pants,L,Yellow,SKU_230,2.9,Yes
Male,Sweater,XL,Turquoise,SKU_231,3.5,Yes
Male,Hoodie,M,Peach,SKU_232,4.1,Yes
Male,Jewelry,M,Olive,SKU_233,2.8,Yes
Male,Belt,S,Indigo,SKU_234,4.9,Yes
Male,Sandals,L,Charcoal,SKU_235,3.3,Yes
Male,Sunglasses,XL,Beige,SKU_236,3.2,Yes
Male,Sweater,XL,Brown,SKU_237,4.4,Yes
Male,Belt,M,Blue,SKU_238,4.8,Yes
Male,Handbag,S,Teal,SKU_239,4.2,Yes
Male,Skirt,L,Black,SKU_240,4,Yes
Male,Handbag,XL,Gold,SKU_241,2.5,Yes
Male,Shorts,M,Violet,SKU_242,3.9,Yes
Male,Sunglasses,M,White,SKU_243,3.5,Yes
Male,Scarf,M,Charcoal,SKU_244,4.2,Yes
Male,Jewelry,XL,Violet,SKU_245,4.7,Yes
Male,Handbag,M,Red,SKU_246,4.5,Yes
Male,Gloves,S,Lavender,SKU_247,2.8,Yes
Male,Jeans,M,Gold,SKU_248,2.9,Yes
Male,Hat,S,Red,SKU_249,3.2,Yes
Male,Jeans,L,Magenta,SKU_250,4.9,Yes
Male,Shorts,M,Purple,SKU_251,4.3,Yes
Male,Pants,S,Charcoal,SKU_252,3.9,Yes
Male,Backpack,M,Gray,SKU_253,3.2,Yes
Male,Jewelry,L,White,SKU_254,3.1,Yes
Male,Sweater,M,Olive,SKU_255,3.9,Yes
Male,Shoes,M,Charcoal,SKU_256,2.6,Yes
Male,Blouse,M,Charcoal,SKU_257,3.3,Yes
Male,Jeans,XL,Orange,SKU_258,4.6,Yes
Male,Sunglasses,XL,Yellow,SKU_259,4.6,Yes
Male,Jewelry,M,Beige,SKU_260,4.4,Yes
Male,Coat,S,Silver,SKU_261,4.2,Yes
Male,Jewelry,M,Indigo,SKU_262,3,Yes
Male,Backpack,XL,Lavender,SKU_263,4,Yes
Male,Skirt,XL,Turquoise,SKU_264,3.5,Yes
Male,Shirt,M,Green,SKU_265,3,Yes
Male,Sweater,M,Orange,SKU_266,3.7,Yes
Male,Sneakers,L,Turquoise,SKU_267,4,Yes
Male,Sandals,S,Cyan,SKU_268,4.2,Yes
Male,Belt,XL,Charcoal,SKU_269,2.5,Yes
Male,Sweater,S,Maroon,SKU_270,3.2,Yes
Male,Skirt,M,Red,SKU_271,3.5,Yes
Male,Handbag,XL,Yellow,SKU_272,4.8,Yes
Male,Jewelry,L,Gray,SKU_273,2.6,Yes
Male,Scarf,L,Blue,SKU_274,3.4,Yes
Male,T-shirt,M,Lavender,SKU_275,3.7,Yes
Male,Coat,M,Yellow,SKU_276,4.5,Yes
Male,T-shirt,M,Indigo,SKU_277,3.7,Yes
Male,Dress,XL,Violet,SKU_278,3.3,Yes
Male,Handbag,M,White,SKU_279,2.7,Yes
Male,Sunglasses,M,Indigo,SKU_280,2.7,Yes
Male,Sandals,S,Lavender,SKU_281,4.8,Yes
Male,Shoes,XL,Purple,SKU_282,4.4,Yes
Male,Sneakers,M,Maroon,SKU_283,3.2,Yes
Male,Hat,M,Teal,SKU_284,4.4,Yes
Male,Skirt,M,Green,SKU_285,3.8,Yes
Male,Sweater,L,Olive,SKU_286,3.6,Yes
Male,Sandals,M,Turquoise,SKU_287,3.3,Yes
Male,Dress,M,Green,SKU_288,3.4,Yes
Male,Sweater,M,Teal,SKU_289,3.5,Yes
Male,Jacket,S,White,SKU_290,3.6,Yes
Male,Handbag,M,Beige,SKU_291,3.7,Yes
Male,Dress,M,Yellow,SKU_292,4.5,Yes
Male,Jeans,L,Silver,SKU_293,4.1,Yes
Male,Dress,M,Pink,SKU_294,3.7,Yes
Male,Pants,M,Purple,SKU_295,3.3,Yes
Male,Jewelry,XL,Orange,SKU_296,4.5,Yes
Male,Handbag,M,Charcoal,SKU_297,3.3,Yes
Male,Sweater,L,Teal,SKU_298,4.3,Yes
Male,Backpack,M,Beige,SKU_299,2.5,Yes
Male,Shorts,XL,White,SKU_300,2.6,Yes
Male,Sneakers,L,Orange,SKU_301,4.7,Yes
Male,Hoodie,M,Orange,SKU_302,3.5,Yes
Male,Shirt,M,Olive,SKU_303,4.8,Yes
Male,Scarf,M,White,SKU_304,3.2,Yes
Male,Coat,M,Teal,SKU_305,3.1,Yes
Male,Socks,S,White,SKU_306,2.9,Yes
Male,Sweater,M,Beige,SKU_307,3.7,Yes
Male,Shirt,L,Beige,SKU_308,3.3,Yes
Male,Blouse,M,Lavender,SKU_309,2.6,Yes
Male,Hat,S,Orange,SKU_310,4.4,Yes
Male,Sweater,M,Cyan,SKU_311,4.3,Yes
Male,Shorts,M,Teal,SKU_312,3.8,Yes
Male,Shorts,L,Blue,SKU_313,3.5,Yes
Male,Hat,S,Blue,SKU_314,4.6,Yes
Male,Coat,M,Olive,SKU_315,2.6,Yes
Male,Skirt,M,Charcoal,SKU_316,4,Yes
Male,Shoes,S,Olive,SKU_317,4.4,Yes
Male,Jeans,L,Violet,SKU_318,4.7,Yes
Male,Sandals,L,Red,SKU_319,3.9,Yes
Male,Blouse,M,Beige,SKU_320,2.7,Yes
Male,Hat,M,Green,SKU_321,3.7,Yes
Male,Jeans,XL,Yellow,SKU_322,4.9,Yes
Male,Sneakers,L,Yellow,SKU_323,4.1,Yes
Male,Jewelry,S,Olive,SKU_324,3,Yes
Male,Jewelry,XL,Magenta,SKU_325,4.1,Yes
Male,Pants,L,Black,SKU_326,3.8,Yes
Male,Belt,M,Olive,SKU_327,4,Yes
Male,Sneakers,M,Olive,SKU_328,3,Yes
Male,T-shirt,M,White,SKU_329,2.6,Yes
Male,Sneakers,M,Charcoal,SKU_330,3.4,Yes
Male,Shoes,L,Charcoal,SKU_331,3,Yes
Male,Socks,M,Turquoise,SKU_332,3.5,Yes
Male,Dress,XL,Cyan,SKU_333,2.8,Yes
Male,Belt,M,Silver,SKU_334,3.3,Yes
Male,Scarf,M,Olive,SKU_335,3.4,Yes
Male,Sneakers,S,Pink,SKU_336,3.2,Yes
Male,Coat,L,White,SKU_337,4.6,Yes
Male,Jewelry,S,Purple,SKU_338,5,Yes
Male,Sunglasses,M,Olive,SKU_339,4.4,Yes
Male,Shoes,S,Gray,SKU_340,4.9,Yes
Male,Scarf,M,Silver,SKU_341,4.1,Yes
Male,Dress,L,Orange,SKU_342,4.9,Yes
Male,Backpack,XL,Beige,SKU_343,3,Yes
Male,Jewelry,L,Lavender,SKU_344,3.4,Yes
Male,Jeans,M,Peach,SKU_345,3.2,Yes
Male,Sunglasses,S,Magenta,SKU_346,2.9,Yes
Male,Shorts,S,Yellow,SKU_347,2.7,Yes
Male,Jewelry,L,Brown,SKU_348,3.4,Yes
Male,Handbag,M,Orange,SKU_349,2.7,Yes
Male,Boots,L,Purple,SKU_350,4.2,Yes
Male,Gloves,M,Indigo,SKU_351,3.2,Yes
Male,Sweater,L,Gray,SKU_352,4.8,Yes
Male,T-shirt,XL,Black,SKU_353,3.3,Yes
Male,Scarf,M,Beige,SKU_354,4.8,Yes
Male,Sneakers,L,Brown,SKU_355,4.9,Yes
Male,Belt,M,Indigo,SKU_356,3,Yes
Male,Boots,S,Silver,SKU_357,4.6,Yes
Male,Boots,M,Green,SKU_358,4.8,Yes
Male,T-shirt,L,Orange,SKU_359,4.8,Yes
Male,Backpack,L,Cyan,SKU_360,3,Yes
Male,Sneakers,M,Orange,SKU_361,4.5,Yes
Male,Jeans,S,Silver,SKU_362,3.8,Yes
Male,Gloves,M,Peach,SKU_363,4.6,Yes
Male,Hoodie,XL,Teal,SKU_364,3.1,Yes
Male,Sneakers,L,White,SKU_365,3.4,Yes
Male,Shorts,M,Brown,SKU_366,3.3,Yes
Male,Sweater,L,Lavender,SKU_367,4.8,Yes
Male,Jeans,M,Indigo,SKU_368,2.8,Yes
Male,Jacket,M,Yellow,SKU_369,3.1,Yes
Male,Jewelry,S,White,SKU_370,4.6,Yes
Male,Backpack,L,Violet,SKU_371,2.6,Yes
Male,Coat,M,Lavender,SKU_372,2.6,Yes
Male,Belt,L,Olive,SKU_373,3.8,Yes
Male,Sandals,L,Beige,SKU_374,4.5,Yes
Male,Sweater,L,Purple,SKU_375,3,Yes
Male,Shorts,S,Teal,SKU_376,3.5,Yes
Male,Socks,S,Peach,SKU_377,3.8,Yes
Male,Shirt,M,Violet,SKU_378,3.5,Yes
Male,Scarf,L,Teal,SKU_379,3,Yes
Male,Sweater,M,Gold,SKU_380,4.3,Yes
Male,Jeans,S,Teal,SKU_381,3.3,Yes
Male,Pants,M,Violet,SKU_382,4.7,Yes
Male,Coat,XL,Gold,SKU_383,2.9,Yes
Male,Sandals,M,Gold,SKU_384,4.1,Yes
Male,Shirt,M,Brown,SKU_385,3.5,Yes
Male,Hat,L,Cyan,SKU_386,3.4,Yes
Male,Shirt,S,Indigo,SKU_387,3.3,Yes
Male,Skirt,M,Orange,SKU_388,3.2,Yes
Male,Shoes,L,Pink,SKU_389,4,Yes
Male,Coat,XL,Olive,SKU_390,3.6,Yes
Male,Pants,L,Cyan,SKU_391,4.6,Yes
Male,Jewelry,M,Peach,SKU_392,2.6,Yes
Male,Belt,M,Turquoise,SKU_393,4.3,Yes
Male,Jacket,M,Turquoise,SKU_394,3.4,Yes
Male,Shirt,XL,Maroon,SKU_395,3.5,Yes
Male,Sunglasses,M,Magenta,SKU_396,3.6,Yes
Male,Boots,M,Olive,SKU_397,4.9,Yes
Male,Shorts,S,Turquoise,SKU_398,3.6,Yes
Male,Gloves,M,Yellow,SKU_399,3.4,Yes
Male,Jewelry,L,Peach,SKU_400,2.9,Yes
Male,Boots,L,Beige,SKU_401,2.7,Yes
Male,Jewelry,M,Pink,SKU_402,4.3,Yes
Male,Jewelry,XL,Peach,SKU_403,2.8,Yes
Male,Blouse,XL,Gold,SKU_404,3.6,Yes
Male,Blouse,S,Indigo,SKU_405,4,Yes
Male,Gloves,M,Blue,SKU_406,4.9,Yes
Male,Shorts,L,Black,SKU_407,4,Yes
Male,Hat,L,Black,SKU_408,3.8,Yes
Male,Shoes,L,Teal,SKU_409,3.7,Yes
Male,Boots,M,Yellow,SKU_410,3.9,Yes
Male,Jacket,M,White,SKU_411,3.3,Yes
Male,Jewelry,S,Orange,SKU_412,2.7,Yes
Male,Sunglasses,M,Silver,SKU_413,4.7,Yes
Male,Skirt,M,Pink,SKU_414,2.8,Yes
Male,Jeans,L,Turquoise,SKU_415,4.6,Yes
Male,Backpack,S,Orange,SKU_416,4.5,Yes
Male,Backpack,S,Peach,SKU_417,5,Yes
Male,Dress,L,Teal,SKU_418,4.6,Yes
Male,Scarf,XL,White,SKU_419,4.9,Yes
Male,Jeans,L,Gray,SKU_420,3.9,Yes
Male,Coat,L,Olive,SKU_421,3.9,Yes
Male,Sweater,XL,Maroon,SKU_422,2.6,Yes
Male,Sneakers,L,Magenta,SKU_423,2.7,Yes
Male,Scarf,M,Magenta,SKU_424,3.5,Yes
Male,Sweater,M,Green,SKU_425,3.7,Yes
Male,Jewelry,XL,Turquoise,SKU_426,3.2,Yes
Male,Handbag,L,Yellow,SKU_427,3.3,Yes
Male,Hoodie,M,Gray,SKU_428,4.8,Yes
Male,Hat,L,Peach,SKU_429,3.2,Yes
Male,Belt,M,Yellow,SKU_430,2.5,Yes
Male,Hoodie,M,White,SKU_431,3.9,Yes
Male,Hat,L,Lavender,SKU_432,4.7,Yes
Male,Sandals,M,Charcoal,SKU_433,2.8,Yes
Male,Jacket,L,Red,SKU_434,4.4,Yes
Male,Socks,M,Green,SKU_435,3.2,Yes
Male,Sneakers,M,Silver,SKU_436,4.2,Yes
Male,Coat,M,Silver,SKU_437,3.7,Yes
Male,Shirt,M,Black,SKU_438,3.9,Yes
Male,Backpack,XL,Red,SKU_439,4.7,Yes
Male,Boots,M,Indigo,SKU_440,4.5,Yes
Male,Handbag,XL,Cyan,SKU_441,3.3,Yes
Male,Dress,S,Maroon,SKU_442,3.3,Yes
Male,Sneakers,S,Silver,SKU_443,4.6,Yes
Male,Shoes,L,Silver,SKU_444,4.8,Yes
Male,T-shirt,L,Purple,SKU_445,4.8,Yes
Male,Boots,M,Cyan,SKU_446,2.9,Yes
Male,Pants,S,Cyan,SKU_447,2.8,Yes
Male,Shoes,M,Lavender,SKU_448,3.2,Yes
Male,Shoes,M,Maroon,SKU_449,3.9,Yes
Male,T-shirt,L,Gray,SKU_450,4.3,Yes
Male,Shorts,M,Magenta,SKU_451,5,Yes
Male,Jewelry,S,Yellow,SKU_452,3.7,Yes
Male,T-shirt,L,Cyan,SKU_453,3.9,Yes
Male,Shirt,M,Teal,SKU_454,3.9,Yes
Male,Gloves,L,Peach,SKU_455,3.3,Yes
Male,Scarf,M,Peach,SKU_456,3.6,Yes
Male,Skirt,S,Olive,SKU_457,4.3,Yes
Male,Hat,L,Charcoal,SKU_458,4.5,Yes
Male,Hoodie,L,Indigo,SKU_459,2.8,Yes
Male,Boots,L,Silver,SKU_460,2.7,Yes
Male,Belt,L,Blue,SKU_461,4.4,Yes
Male,Shorts,L,Gold,SKU_462,3.5,Yes
Male,Sandals,M,Orange,SKU_463,4.9,Yes
Male,Shirt,M,Gold,SKU_464,4.8,Yes
Male,Coat,M,Cyan,SKU_465,3.2,Yes
Male,Pants,S,Red,SKU_466,4.9,Yes
Male,T-shirt,L,Yellow,SKU_467,4.3,Yes
Male,Sneakers,S,Beige,SKU_468,3.2,Yes
Male,Shorts,M,Orange,SKU_469,3.7,Yes
Male,Coat,XL,Magenta,SKU_470,3.2,Yes
Male,Sandals,L,Purple,SKU_471,3.4,Yes
Male,Sandals,L,Pink,SKU_472,4.5,Yes
Male,Gloves,L,Pink,SKU_473,4.5,Yes
Male,T-shirt,L,Maroon,SKU_474,3.2,Yes
Male,Jacket,S,Maroon,SKU_475,4.4,Yes
Male,Blouse,S,Turquoise,SKU_476,3,Yes
Male,Socks,XL,Green,SKU_477,3.2,Yes
Male,Coat,M,Violet,SKU_478,4,Yes
Male,Dress,M,Lavender,SKU_479,3.1,Yes
Male,Jacket,L,Gray,SKU_480,2.8,Yes
Male,Boots,XL,Teal,SKU_481,4.6,Yes
Male,Skirt,S,Red,SKU_482,4.3,Yes
Male,Sandals,S,Yellow,SKU_483,3.3,Yes
Male,Coat,L,Magenta,SKU_484,3.5,Yes
Male,Hoodie,M,Brown,SKU_485,3.4,Yes
Male,Jacket,M,Blue,SKU_486,2.8,Yes
Male,Backpack,S,Olive,SKU_487,3.6,Yes
Male,Coat,XL,Green,SKU_488,3.1,Yes
Male,T-shirt,M,Peach,SKU_489,3.5,Yes
Male,Sneakers,M,Red,SKU_490,3,Yes
Male,Gloves,M,White,SKU_491,4.8,Yes
Male,Coat,L,Indigo,SKU_492,5,Yes
Male,Shirt,M,White,SKU_493,2.9,Yes
Male,Sneakers,L,Teal,SKU_494,3.2,Yes
Male,Scarf,M,Indigo,SKU_495,2.9,Yes
Male,Jewelry,L,Red,SKU_496,3.3,Yes
Male,Jeans,M,Blue,SKU_497,3.5,Yes
Male,Shoes,M,Black,SKU_498,4.4,Yes
Male,Hoodie,M,Olive,SKU_499,3.4,Yes
Male,Backpack,L,Lavender,SKU_500,4.2,Yes
Male,Sneakers,M,Indigo,SKU_501,3.6,Yes
Male,Blouse,S,Red,SKU_502,3,Yes
Male,Pants,L,Red,SKU_503,4,Yes
Male,T-shirt,XL,Purple,SKU_504,4.1,Yes
Male,Jacket,XL,Cyan,SKU_505,3.6,Yes
Male,Scarf,XL,Cyan,SKU_506,4.6,Yes
Male,Sneakers,L,Red,SKU_507,4.8,Yes
Male,Hat,M,Black,SKU_508,5,Yes
Male,Skirt,M,Black,SKU_509,3.7,Yes
Male,Sandals,M,Violet,SKU_510,3.7,Yes
Male,Sweater,XL,Charcoal,SKU_511,2.7,Yes
Male,Jacket,L,Turquoise,SKU_512,4.9,Yes
Male,Socks,M,Gray,SKU_513,2.8,Yes
Male,Hoodie,S,Blue,SKU_514,4.9,Yes
Male,Socks,S,Maroon,SKU_515,4.2,Yes
Male,Belt,S,Turquoise,SKU_516,4.6,Yes
Male,Backpack,L,Olive,SKU_517,4.2,Yes
Male,Boots,M,Brown,SKU_518,3.2,Yes
Male,Coat,S,Green,SKU_519,4.4,Yes
Male,Hoodie,S,Brown,SKU_520,2.5,Yes
Male,Shoes,XL,White,SKU_521,4.5,Yes
Male,Jewelry,L,Gold,SKU_522,3.4,Yes
Male,Dress,L,Green,SKU_523,3.2,Yes
Male,Boots,L,Teal,SKU_524,4.2,Yes
Male,Hat,M,Charcoal,SKU_525,5,Yes
Male,Backpack,M,Maroon,SKU_526,4.7,Yes
Male,Shoes,L,Lavender,SKU_527,4.2,Yes
Male,Handbag,L,Green,SKU_528,3.4,Yes
Male,Sunglasses,S,Pink,SKU_529,4.4,Yes
Male,Hat,XL,Charcoal,SKU_530,4.2,Yes
Male,Hoodie,L,Purple,SKU_531,2.8,Yes
Male,Backpack,S,Gold,SKU_532,3.3,Yes
Male,Shorts,M,Charcoal,SKU_533,2.5,Yes
Male,Coat,L,Lavender,SKU_534,2.6,Yes
Male,Jewelry,M,Lavender,SKU_535,4,Yes
Male,Sandals,L,Olive,SKU_536,2.6,Yes
Male,Gloves,L,Teal,SKU_537,4.6,Yes
Male,Jacket,L,Cyan,SKU_538,4,Yes
Male,Sunglasses,S,Red,SKU_539,4.4,Yes
Male,Shoes,M,White,SKU_540,4.7,Yes
Male,Pants,XL,Pink,SKU_541,3.4,Yes
Male,Sandals,L,Black,SKU_542,4.1,Yes
Male,Sweater,M,White,SKU_543,3.7,Yes
Male,Shoes,L,Beige,SKU_544,4.7,Yes
Male,Jewelry,S,Silver,SKU_545,4.3,Yes
Male,Boots,S,Violet,SKU_546,4.1,Yes
Male,Backpack,M,Red,SKU_547,3.9,Yes
Male,Sneakers,M,Teal,SKU_548,3.9,Yes
Male,Handbag,M,Indigo,SKU_549,2.8,Yes
Male,Sandals,S,Blue,SKU_550,2.7,Yes
Male,Dress,L,Olive,SKU_551,4,Yes
Male,Skirt,L,Red,SKU_552,2.8,Yes
Male,Sweater,XL,Green,SKU_553,3.2,Yes
Male,Backpack,S,Blue,SKU_554,4.3,Yes
Male,Hoodie,S,Purple,SKU_555,4.2,Yes
Male,Boots,XL,Pink,SKU_556,4.9,Yes
Male,Blouse,XL,Charcoal,SKU_557,3.7,Yes
Male,Pants,L,Orange,SKU_558,4.2,Yes
Male,Gloves,M,Magenta,SKU_559,3.9,Yes
Male,Hat,L,Yellow,SKU_560,2.9,Yes
Male,Sunglasses,M,Beige,SKU_561,3.1,Yes
Male,Handbag,L,Gray,SKU_562,4.4,Yes
Male,Jeans,M,Beige,SKU_563,3.9,Yes
Male,Backpack,S,White,SKU_564,4.9,Yes
Male,Shorts,S,Gold,SKU_565,3.6,Yes
Male,Shirt,XL,Green,SKU_566,4.1,Yes
Male,Gloves,L,Magenta,SKU_567,2.8,Yes
Male,Pants,M,Indigo,SKU_568,4.4,Yes
Male,Hoodie,L,Turquoise,SKU_569,3.1,Yes
Male,Sunglasses,S,Blue,SKU_570,2.6,Yes
Male,T-shirt,S,Turquoise,SKU_571,2.9,Yes
Male,Jacket,M,Gray,SKU_572,3.3,Yes
Male,Sweater,XL,Purple,SKU_573,4.8,Yes
Male,Jacket,L,Black,SKU_574,4.7,Yes
Male,Socks,M,Peach,SKU_575,3.3,Yes
Male,Shirt,M,Indigo,SKU_576,4.2,Yes
Male,Jewelry,XL,Beige,SKU_577,4.7,Yes
Male,Sunglasses,M,Yellow,SKU_578,2.6,Yes
Male,Socks,S,Turquoise,SKU_579,2.7,Yes
Male,Blouse,M,Teal,SKU_580,3.3,Yes
Male,Sneakers,M,Magenta,SKU_581,4.2,Yes
Male,Shirt,XL,Purple,SKU_582,3.8,Yes
Male,Jacket,M,Brown,SKU_583,4,Yes
Male,Sandals,S,Violet,SKU_584,2.7,Yes
Male,Hat,M,Yellow,SKU_585,4.7,Yes
Male,Blouse,XL,Magenta,SKU_586,3.5,Yes
Male,Sweater,L,Beige,SKU_587,3,Yes
Male,Gloves,XL,Turquoise,SKU_588,3.3,Yes
Male,Scarf,S,Peach,SKU_589,4.7,Yes
Male,Shorts,XL,Red,SKU_590,4.8,Yes
Male,Backpack,L,Silver,SKU_591,2.9,Yes
Male,Shorts,L,Turquoise,SKU_592,3.1,Yes
Male,Dress,S,Charcoal,SKU_593,3.5,Yes
Male,Shorts,XL,Peach,SKU_594,3.7,Yes
Male,Belt,L,Green,SKU_595,2.8,Yes
Male,Scarf,XL,Brown,SKU_596,4.6,Yes
Male,Pants,L,Olive,SKU_597,4.1,Yes
Male,Dress,L,Pink,SKU_598,3,Yes
Male,Hoodie,S,Black,SKU_599,3.2,Yes
Male,Pants,XL,Indigo,SKU_600,4.5,Yes
Male,Shirt,L,Purple,SKU_601,3.7,Yes
Male,Backpack,L,Beige,SKU_602,3.4,Yes
Male,Jacket,L,Charcoal,SKU_603,4.6,Yes
Male,Scarf,L,Turquoise,SKU_604,4.1,Yes
Male,Boots,M,Maroon,SKU_605,3.5,Yes
Male,Blouse,XL,Black,SKU_606,3.8,Yes
Male,Hoodie,M,Lavender,SKU_607,2.6,Yes
Male,Jeans,L,Green,SKU_608,2.6,Yes
Male,Socks,L,Green,SKU_609,4.2,Yes
Male,Shirt,M,Peach,SKU_610,4.6,Yes
Male,Jewelry,L,Orange,SKU_611,3.4,Yes
Male,Blouse,L,Silver,SKU_612,4.4,Yes
Male,Sweater,S,Blue,SKU_613,4.3,Yes
Male,Jewelry,L,Cyan,SKU_614,3.5,Yes
Male,T-shirt,XL,Green,SKU_615,4.7,Yes
Male,Hat,L,Silver,SKU_616,3.1,Yes
Male,Sweater,S,Gray,SKU_617,4.8,Yes
Male,Jeans,M,Pink,SKU_618,3.7,Yes
Male,Sunglasses,L,Beige,SKU_619,3.2,Yes
Male,Coat,M,Red,SKU_620,3.5,Yes
Male,Shirt,L,Blue,SKU_621,2.8,Yes
Male,Dress,L,Cyan,SKU_622,2.7,Yes
Male,Shirt,S,Violet,SKU_623,3.1,Yes
Male,Sunglasses,M,Orange,SKU_624,3.6,Yes
Male,Dress,L,Maroon,SKU_625,2.9,Yes
Male,Sunglasses,M,Teal,SKU_626,3.6,Yes
Male,Sunglasses,L,Orange,SKU_627,3.5,Yes
Male,Shorts,S,Purple,SKU_628,3.5,Yes
Male,Jeans,M,Orange,SKU_629,2.8,Yes
Male,T-shirt,XL,Yellow,SKU_630,4.7,Yes
Male,Sunglasses,L,Gray,SKU_631,4.9,Yes
Male,Boots,S,Charcoal,SKU_632,4.1,Yes
Male,Sandals,M,Red,SKU_633,2.5,Yes
Male,Hat,L,Brown,SKU_634,3.9,Yes
Male,Gloves,L,Indigo,SKU_635,4.8,Yes
Male,Scarf,L,Yellow,SKU_636,4.2,Yes
Male,Boots,M,Teal,SKU_637,3.4,Yes
Male,Belt,S,Orange,SKU_638,4.8,Yes
Male,Hoodie,M,Red,SKU_639,3.8,Yes
Male,Shoes,L,Peach,SKU_640,4.6,Yes
Male,Dress,XL,Green,SKU_641,2.6,Yes
Male,Gloves,XL,Violet,SKU_642,3.4,Yes
Male,Jewelry,L,Yellow,SKU_643,4.2,Yes
Male,Belt,M,Pink,SKU_644,3.9,Yes
Male,Sweater,M,Brown,SKU_645,2.9,Yes
Male,Skirt,XL,Silver,SKU_646,4.2,Yes
Male,Sneakers,M,Pink,SKU_647,3,Yes
Male,Gloves,M,Cyan,SKU_648,3.6,Yes
Male,Socks,M,Silver,SKU_649,4.3,Yes
Male,Sneakers,M,Gray,SKU_650,3.3,Yes
Male,Sweater,L,Cyan,SKU_651,2.6,Yes
Male,Jeans,L,Teal,SKU_652,3.6,Yes
Male,Hat,L,Indigo,SKU_653,2.6,Yes
Male,Handbag,S,Gold,SKU_654,3,Yes
Male,Socks,XL,Silver,SKU_655,2.5,Yes
Male,Socks,M,Yellow,SKU_656,2.9,Yes
Male,Dress,M,Blue,SKU_657,4.6,Yes
Male,Shoes,M,Turquoise,SKU_658,3.6,Yes
Male,Scarf,L,Indigo,SKU_659,3,Yes
Male,Hoodie,M,Green,SKU_660,4.5,Yes
Male,Handbag,S,Green,SKU_661,3.7,Yes
Male,Pants,XL,Yellow,SKU_662,3.8,Yes
Male,Sweater,M,Indigo,SKU_663,4.9,Yes
Male,Scarf,S,Magenta,SKU_664,3.1,Yes
Male,Sneakers,M,Violet,SKU_665,4.2,Yes
Male,Pants,L,Maroon,SKU_666,3.8,Yes
Male,Backpack,XL,Yellow,SKU_667,4.2,Yes
Male,Sandals,M,Beige,SKU_668,4.6,Yes
Male,Socks,XL,Black,SKU_669,4,Yes
Male,Socks,M,Violet,SKU_670,3.8,Yes
Male,Belt,L,Brown,SKU_671,3.3,Yes
Male,Socks,S,Gold,SKU_672,2.6,Yes
Male,Shorts,L,Silver,SKU_673,2.8,Yes
Male,Dress,L,White,SKU_674,3.7,Yes
Male,Jeans,L,Charcoal,SKU_675,2.7,Yes
Male,T-shirt,S,Brown,SKU_676,3.3,Yes
Male,Scarf,S,Lavender,SKU_677,4.9,Yes
Male,Sneakers,M,Green,SKU_678,2.7,Yes
Male,Handbag,S,Olive,SKU_679,2.9,Yes
Male,Shirt,M,Pink,SKU_680,3.8,Yes
Male,Hat,L,Teal,SKU_681,3,Yes
Male,Handbag,S,Gray,SKU_682,4.7,Yes
Male,Sunglasses,S,Teal,SKU_683,4.8,Yes
Male,Shirt,L,Magenta,SKU_684,3.4,Yes
Male,Sunglasses,M,Green,SKU_685,2.5,Yes
Male,Belt,XL,Brown,SKU_686,3.6,Yes
Male,Dress,M,Purple,SKU_687,3.6,Yes
Male,Shoes,S,Green,SKU_688,4.1,Yes
Male,Socks,S,Silver,SKU_689,3.1,Yes
Male,Shorts,M,Maroon,SKU_690,4.2,Yes
Male,Handbag,M,Purple,SKU_691,3.5,Yes
Male,Backpack,M,Indigo,SKU_692,3.1,Yes
Male,Boots,L,Indigo,SKU_693,2.5,Yes
Male,Hoodie,L,Brown,SKU_694,4.9,Yes
Male,Coat,M,Gray,SKU_695,4.3,Yes
Male,Shirt,L,Teal,SKU_696,2.6,Yes
Male,Hoodie,S,Beige,SKU_697,3.2,Yes
Male,Boots,M,Pink,SKU_698,3.7,Yes
Male,Hoodie,L,Blue,SKU_699,4.1,Yes
Male,Sandals,M,Lavender,SKU_700,3.6,Yes
Male,Jeans,S,Charcoal,SKU_701,4.3,Yes
Male,Dress,L,Yellow,SKU_702,4.2,Yes
Male,Hat,L,Orange,SKU_703,4,Yes
Male,Pants,L,Blue,SKU_704,4.3,Yes
Male,Socks,L,Gold,SKU_705,3,Yes
Male,Jacket,L,Olive,SKU_706,3.1,Yes
Male,Hoodie,M,Teal,SKU_707,4,Yes
Male,Skirt,XL,Green,SKU_708,3.3,Yes
Male,Coat,M,Charcoal,SKU_709,4.9,Yes
Male,Sneakers,M,Cyan,SKU_710,3.9,Yes
Male,Blouse,L,Charcoal,SKU_711,4.8,Yes
Male,Sunglasses,M,Lavender,SKU_712,2.7,Yes
Male,Hat,M,Silver,SKU_713,2.7,Yes
Male,Hoodie,M,Blue,SKU_714,2.5,Yes
Male,Sandals,L,Gray,SKU_715,4.1,Yes
Male,Belt,L,Gray,SKU_716,3.8,Yes
Male,Sunglasses,S,Black,SKU_717,4.9,Yes
Male,Skirt,S,Lavender,SKU_718,4.1,Yes
Male,Backpack,L,Red,SKU_719,3.1,Yes
Male,Sandals,M,Silver,SKU_720,2.7,Yes
Male,Sneakers,S,Gold,SKU_721,4.3,Yes
Male,Skirt,L,Yellow,SKU_722,4.1,Yes
Male,Dress,L,Purple,SKU_723,4.4,Yes
Male,Shorts,S,Brown,SKU_724,3.6,Yes
Male,Handbag,L,Turquoise,SKU_725,3.3,Yes
Male,Scarf,S,Gold,SKU_726,3.6,Yes
Male,Belt,S,Olive,SKU_727,2.8,Yes
Male,Gloves,S,Purple,SKU_728,4.3,Yes
Male,Shorts,L,Gray,SKU_729,2.7,Yes
Male,Hat,XL,Olive,SKU_730,4.7,Yes
Male,Belt,L,Red,SKU_731,3.5,Yes
Male,Sweater,M,Peach,SKU_732,4,Yes
Male,Hat,M,Beige,SKU_733,2.8,Yes
Male,T-shirt,L,Magenta,SKU_734,2.9,Yes
Male,Dress,S,Cyan,SKU_735,2.8,Yes
Male,Pants,M,Red,SKU_736,4.2,Yes
Male,Belt,L,Silver,SKU_737,2.7,Yes
Male,Hoodie,S,Pink,SKU_738,3.4,Yes
Male,Jeans,S,Blue,SKU_739,2.7,Yes
Male,Sweater,M,Maroon,SKU_740,3.7,Yes
Male,Shirt,L,Green,SKU_741,2.6,Yes
Male,Belt,XL,Gold,SKU_742,4.3,Yes
Male,Socks,XL,Beige,SKU_743,3.1,Yes
Male,Jeans,XL,Green,SKU_744,4.4,Yes
Male,Sneakers,L,Black,SKU_745,4.4,Yes
Male,Dress,XL,Yellow,SKU_746,3.4,Yes
Male,Boots,M,White,SKU_747,4.5,Yes
Male,T-shirt,L,Green,SKU_748,4.5,Yes
Male,Skirt,L,Blue,SKU_749,3.2,Yes
Male,Jeans,S,Yellow,SKU_750,3.7,Yes
Male,Hoodie,L,White,SKU_751,2.6,Yes
Male,Shoes,M,Pink,SKU_752,2.7,Yes
Male,Blouse,S,Teal,SKU_753,4.8,Yes
Male,T-shirt,L,Indigo,SKU_754,4.8,Yes
Male,Belt,S,Maroon,SKU_755,2.6,Yes
Male,Handbag,L,Black,SKU_756,4.5,Yes
Male,Dress,M,Cyan,SKU_757,3.2,Yes
Male,Belt,S,Gray,SKU_758,4.8,Yes
Male,Coat,XL,Blue,SKU_759,2.8,Yes
Male,Hat,L,Olive,SKU_760,4.9,Yes
Male,Jeans,M,Olive,SKU_761,3.4,Yes
Male,Backpack,XL,Turquoise,SKU_762,4.1,Yes
Male,Sunglasses,S,Cyan,SKU_763,3.6,Yes
Male,Hat,S,Turquoise,SKU_764,3.5,Yes
Male,Dress,L,Lavender,SKU_765,3.4,Yes
Male,Shirt,XL,Cyan,SKU_766,2.9,Yes
Male,Scarf,XL,Violet,SKU_767,4.7,Yes
Male,Sneakers,XL,Beige,SKU_768,4.4,Yes
Male,Skirt,M,Cyan,SKU_769,2.6,Yes
Male,Jewelry,XL,Indigo,SKU_770,4.4,Yes
Male,Boots,L,Olive,SKU_771,3.7,Yes
Male,Sunglasses,L,Green,SKU_772,4.4,Yes
Male,Boots,L,Green,SKU_773,2.5,Yes
Male,Boots,L,Black,SKU_774,5,Yes
Male,Dress,M,Brown,SKU_775,4.9,Yes
Male,Hoodie,S,Silver,SKU_776,3.7,Yes
Male,Coat,S,Pink,SKU_777,3.2,Yes
Male,Sneakers,L,Gold,SKU_778,3,Yes
Male,Jacket,M,Teal,SKU_779,3.5,Yes
Male,Skirt,M,Beige,SKU_780,3.6,Yes
Male,T-shirt,M,Gray,SKU_781,3.6,Yes
Male,Belt,M,Black,SKU_782,4.6,Yes
Male,Hat,S,Brown,SKU_783,3.5,Yes
Male,Boots,S,Magenta,SKU_784,4,Yes
Male,Coat,S,Red,SKU_785,3.2,Yes
Male,Pants,M,Orange,SKU_786,4.9,Yes
Male,Shoes,M,Beige,SKU_787,3.1,Yes
Male,Sunglasses,S,Yellow,SKU_788,4.8,Yes
Male,Sandals,M,Peach,SKU_789,4.4,Yes
Male,Jewelry,M,Magenta,SKU_790,3,Yes
Male,Sandals,L,Maroon,SKU_791,4.9,Yes
Male,Pants,M,Cyan,SKU_792,3.6,Yes
Male,Socks,L,Brown,SKU_793,2.9,Yes
Male,Socks,M,Red,SKU_794,3.9,Yes
Male,Dress,M,Orange,SKU_795,3.6,Yes
Male,Backpack,M,Gold,SKU_796,3.9,Yes
Male,Pants,S,Lavender,SKU_797,4.5,Yes
Male,Scarf,M,Pink,SKU_798,2.6,Yes
Male,Jeans,XL,Gray,SKU_799,4.7,Yes
Male,Backpack,L,Indigo,SKU_800,2.9,Yes
Male,Sandals,L,Teal,SKU_801,3.8,Yes
Male,Belt,XL,Green,SKU_802,3.8,Yes
Male,Shoes,M,Violet,SKU_803,3,Yes
Male,Belt,XL,Blue,SKU_804,3.4,Yes
Male,Jacket,L,Orange,SKU_805,2.5,Yes
Male,Dress,XL,Charcoal,SKU_806,4.9,Yes
Male,Shirt,S,Beige,SKU_807,2.8,Yes
Male,Coat,S,Lavender,SKU_808,4.9,Yes
Male,Handbag,M,Lavender,SKU_809,4.9,Yes
Male,Sunglasses,S,Turquoise,SKU_810,3.5,Yes
Male,T-shirt,M,Purple,SKU_811,3.5,Yes
Male,Jewelry,L,Teal,SKU_812,2.8,Yes
Male,Hoodie,S,Lavender,SKU_813,3.7,Yes
Male,Gloves,M,Purple,SKU_814,3.6,Yes
Male,Coat,L,Blue,SKU_815,3.3,Yes
Male,Sandals,M,Teal,SKU_816,3.4,Yes
Male,Pants,S,Silver,SKU_817,4.6,Yes
Male,Socks,M,Olive,SKU_818,4.2,Yes
Male,Blouse,M,Brown,SKU_819,2.8,Yes
Male,Handbag,M,Yellow,SKU_820,3.7,Yes
Male,Jewelry,XL,Brown,SKU_821,3.4,Yes
Male,Pants,XL,Cyan,SKU_822,3,Yes
Male,Jeans,S,Magenta,SKU_823,4,Yes
Male,Belt,M,Maroon,SKU_824,4.9,Yes
Male,Jeans,M,Green,SKU_825,3.3,Yes
Male,Sweater,L,Black,SKU_826,3.5,Yes
Male,Socks,L,Yellow,SKU_827,2.7,Yes
Male,Sunglasses,S,Purple,SKU_828,2.8,Yes
Male,Sneakers,M,Beige,SKU_829,3.8,Yes
Male,Socks,M,Indigo,SKU_830,2.6,Yes
Male,Shoes,XL,Pink,SKU_831,3,Yes
Male,Jacket,M,Orange,SKU_832,3.3,Yes
Male,Jacket,M,Beige,SKU_833,2.5,Yes
Male,Hat,M,Violet,SKU_834,3.5,Yes
Male,T-shirt,XL,Blue,SKU_835,4.1,Yes
Male,Dress,S,Peach,SKU_836,2.7,Yes
Male,Skirt,XL,White,SKU_837,4.3,Yes
Male,Scarf,XL,Purple,SKU_838,4,Yes
Male,Sunglasses,L,Indigo,SKU_839,4.9,Yes
Male,Coat,L,Charcoal,SKU_840,2.9,Yes
Male,Jacket,M,Pink,SKU_841,3.7,Yes
Male,Sweater,M,Silver,SKU_842,4.4,Yes
Male,Hat,XL,Cyan,SKU_843,2.6,Yes
Male,Backpack,L,Teal,SKU_844,3.3,Yes
Male,T-shirt,S,Purple,SKU_845,4.1,Yes
Male,Jeans,S,White,SKU_846,3.4,Yes
Male,Backpack,M,Silver,SKU_847,3.8,Yes
Male,Scarf,M,Violet,SKU_848,4.2,Yes
Male,Jewelry,L,Magenta,SKU_849,4.1,Yes
Male,Jewelry,M,Black,SKU_850,4.8,Yes
Male,Coat,S,Beige,SKU_851,2.6,Yes
Male,Sunglasses,M,Black,SKU_852,3.2,Yes
Male,Handbag,S,Turquoise,SKU_853,3.6,Yes
Male,Pants,L,Gold,SKU_854,4.4,Yes
Male,Gloves,XL,Silver,SKU_855,3,Yes
Male,Hoodie,S,Charcoal,SKU_856,4.3,Yes
Male,T-shirt,S,Olive,SKU_857,3,Yes
Male,Skirt,L,Violet,SKU_858,3.6,Yes
Male,Sneakers,M,Peach,SKU_859,2.8,Yes
Male,Hoodie,L,Violet,SKU_860,4.9,Yes
Male,Hoodie,L,Cyan,SKU_861,3,Yes
Male,Hoodie,XL,Pink,SKU_862,4.6,Yes
Male,Hat,S,Peach,SKU_863,4,Yes
Male,Belt,M,Purple,SKU_864,4.9,Yes
Male,T-shirt,XL,Peach,SKU_865,3.2,Yes
Male,Handbag,S,Charcoal,SKU_866,4.3,Yes
Male,Hat,S,Purple,SKU_867,2.5,Yes
Male,Scarf,L,Beige,SKU_868,3.4,Yes
Male,Gloves,L,Charcoal,SKU_869,4.7,Yes
Male,Hoodie,XL,White,SKU_870,4.7,Yes
Male,Hoodie,S,Teal,SKU_871,4.3,Yes
Male,Shoes,XL,Magenta,SKU_872,4.1,Yes
Male,T-shirt,M,Brown,SKU_873,4.6,Yes
Male,Skirt,L,Peach,SKU_874,3.6,Yes
Male,Handbag,S,Cyan,SKU_875,4.8,Yes
Male,Shirt,XL,Pink,SKU_876,2.8,Yes
Male,Coat,L,Purple,SKU_877,3.9,Yes
Male,Jeans,M,White,SKU_878,2.6,Yes
Male,Jeans,S,Indigo,SKU_879,4.4,Yes
Male,Hat,XL,Red,SKU_880,4.3,Yes
Male,Jewelry,S,Red,SKU_881,2.7,Yes
Male,Blouse,M,Gray,SKU_882,4.2,Yes
Male,Handbag,M,Gold,SKU_883,4,Yes
Male,T-shirt,S,Red,SKU_884,2.6,Yes
Male,Shoes,M,Gold,SKU_885,4.8,Yes
Male,Belt,M,Charcoal,SKU_886,4.4,Yes
Male,Belt,L,Orange,SKU_887,4,Yes
Male,Scarf,S,Blue,SKU_888,3.2,Yes
Male,Shorts,S,Orange,SKU_889,3.1,Yes
Male,Sandals,M,Blue,SKU_890,4.2,Yes
Male,Pants,L,White,SKU_891,3,Yes
Male,T-shirt,M,Silver,SKU_892,2.9,Yes
Male,Dress,S,Lavender,SKU_893,3.7,Yes
Male,Backpack,S,Gray,SKU_894,4.5,Yes
Male,Socks,M,Lavender,SKU_895,3.9,Yes
Male,Coat,L,Peach,SKU_896,4.6,Yes
Male,Belt,M,Beige,SKU_897,4.1,Yes
Male,Dress,M,Teal,SKU_898,4.9,Yes
Male,T-shirt,M,Blue,SKU_899,2.8,Yes
Male,Skirt,S,Beige,SKU_900,4.9,Yes
Male,Shorts,L,Teal,SKU_901,3.5,Yes
Male,Jewelry,M,Maroon,SKU_902,3.8,Yes
Male,Pants,M,Yellow,SKU_903,4.5,Yes
Male,Jeans,M,Magenta,SKU_904,3.9,Yes
Male,Blouse,M,Magenta,SKU_905,3.3,Yes
Male,T-shirt,L,Charcoal,SKU_906,4.1,Yes
Male,Coat,M,Turquoise,SKU_907,4,Yes
Male,Jacket,L,Pink,SKU_908,5,Yes
Male,Sneakers,L,Violet,SKU_909,3.9,Yes
Male,Socks,M,Brown,SKU_910,3.9,Yes
Male,Sandals,M,Indigo,SKU_911,4.5,Yes
Male,Coat,XL,Black,SKU_912,4.4,Yes
Male,Shoes,XL,Black,SKU_913,3.1,Yes
Male,Scarf,S,Olive,SKU_914,2.9,Yes
Male,Handbag,M,Olive,SKU_915,3.5,Yes
Male,Boots,S,Red,SKU_916,2.9,Yes
Male,Pants,M,Blue,SKU_917,3.8,Yes
Male,Shoes,M,Yellow,SKU_918,2.5,Yes
Male,Handbag,XL,Black,SKU_919,3.7,Yes
Male,Blouse,L,Pink,SKU_920,2.6,Yes
Male,Pants,XL,Lavender,SKU_921,3.7,Yes
Male,Boots,XL,Cyan,SKU_922,2.6,Yes
Male,Shorts,M,Yellow,SKU_923,3.7,Yes
Male,Gloves,S,Turquoise,SKU_924,2.6,Yes
Male,Blouse,L,Yellow,SKU_925,4.9,Yes
Male,Jacket,S,Yellow,SKU_926,3.9,Yes
Male,Jewelry,XL,Maroon,SKU_927,3.6,Yes
Male,Socks,M,Gold,SKU_928,4,Yes
Male,Pants,L,Beige,SKU_929,3.5,Yes
Male,Sweater,M,Red,SKU_930,3,Yes
Male,Hat,M,White,SKU_931,4.4,Yes
Male,Scarf,L,White,SKU_932,2.9,Yes
Male,Blouse,S,Pink,SKU_933,3,Yes
Male,T-shirt,M,Charcoal,SKU_934,3.5,Yes
Male,Boots,M,Peach,SKU_935,4.5,Yes
Male,Jeans,XL,Purple,SKU_936,4.1,Yes
Male,Shorts,XL,Orange,SKU_937,5,Yes
Male,Sandals,L,Magenta,SKU_938,4,Yes
Male,Sandals,XL,Red,SKU_939,4.9,Yes
Male,Sneakers,XL,Black,SKU_940,3.3,Yes
Male,Hat,M,Peach,SKU_941,4.1,Yes
Male,Coat,S,Olive,SKU_942,3.6,Yes
Male,Boots,XL,Gold,SKU_943,4.1,Yes
Male,Skirt,M,Turquoise,SKU_944,3.9,Yes
Male,Shirt,L,Maroon,SKU_945,2.8,Yes
Male,Boots,L,Brown,SKU_946,4.8,Yes
Male,Shirt,M,Lavender,SKU_947,2.7,Yes
Male,Blouse,M,Peach,SKU_948,4,Yes
Male,T-shirt,S,Gray,SKU_949,2.7,Yes
Male,Jacket,XL,Charcoal,SKU_950,2.9,Yes
Male,Jewelry,S,Gray,SKU_951,4.3,Yes
Male,Hat,M,Olive,SKU_952,3.1,Yes
Male,Sweater,S,Turquoise,SKU_953,4.5,Yes
Male,Boots,L,Turquoise,SKU_954,4.8,Yes
Male,Blouse,L,Green,SKU_955,5,Yes
Male,Hoodie,L,Charcoal,SKU_956,3.7,Yes
Male,Shirt,L,Violet,SKU_957,3,Yes
Male,Dress,M,Black,SKU_958,3.9,Yes
Male,Gloves,L,Yellow,SKU_959,4.9,Yes
Male,Jeans,XL,Blue,SKU_960,3.4,Yes
Male,Jacket,M,Red,SKU_961,2.9,Yes
Male,Skirt,M,Indigo,SKU_962,3.4,Yes
Male,Sandals,S,Beige,SKU_963,3.2,Yes
Male,Pants,S,Indigo,SKU_964,3,Yes
Male,Belt,L,Teal,SKU_965,3.6,Yes
Male,Sneakers,M,Gold,SKU_966,2.9,Yes
Male,Pants,XL,Peach,SKU_967,4.5,Yes
Male,Coat,L,Black,SKU_968,3.1,Yes
Male,Dress,L,Red,SKU_969,4.4,Yes
Male,Blouse,L,Lavender,SKU_970,4.7,Yes
Male,Shorts,L,Green,SKU_971,4.2,Yes
Male,Belt,S,Lavender,SKU_972,4.6,Yes
Male,Hat,XL,Teal,SKU_973,3.1,Yes
Male,Backpack,L,Gold,SKU_974,3.5,Yes
Male,Shoes,M,Indigo,SKU_975,4.6,Yes
Male,Hoodie,S,Gold,SKU_976,4.3,Yes
Male,Pants,M,Lavender,SKU_977,2.7,Yes
Male,Coat,S,White,SKU_978,4.2,Yes
Male,Sweater,L,Silver,SKU_979,3.4,Yes
Male,Belt,M,Peach,SKU_980,4.4,Yes
Male,Hoodie,XL,Yellow,SKU_981,2.9,Yes
Male,T-shirt,S,Violet,SKU_982,4.9,Yes
Male,Dress,M,White,SKU_983,3.6,Yes
Male,Belt,XL,Purple,SKU_984,3.2,Yes
Male,Coat,L,Maroon,SKU_985,2.8,Yes
Male,Hat,XL,Orange,SKU_986,4.5,Yes
Male,Jacket,M,Cyan,SKU_987,4,Yes
Male,Backpack,S,Red,SKU_988,3.5,Yes
Male,Scarf,XL,Pink,SKU_989,2.5,Yes
Male,Hoodie,S,Cyan,SKU_990,4.3,Yes
Male,Blouse,L,Red,SKU_991,4,Yes
Male,Handbag,M,Magenta,SKU_992,4.5,Yes
Male,Belt,S,Black,SKU_993,3.8,Yes
Male,Shirt,L,Orange,SKU_994,4.9,Yes
Male,Scarf,L,Peach,SKU_995,2.9,Yes
Male,Gloves,L,Turquoise,SKU_996,2.6,Yes
Male,Sunglasses,L,Olive,SKU_997,3,Yes
Male,Jacket,XL,Lavender,SKU_998,3.6,Yes
Male,Shoes,L,Green,SKU_999,2.9,Yes
Male,Jacket,L,Brown,SKU_1000,4.8,Yes
Male,Blouse,M,Gold,SKU_1001,3.8,Yes
Male,Scarf,L,Orange,SKU_1002,2.6,Yes
Male,Hat,M,Maroon,SKU_1003,4.3,Yes
Male,Blouse,S,White,SKU_1004,3.6,Yes
Male,Sunglasses,L,White,SKU_1005,3.1,Yes
Male,Backpack,M,Peach,SKU_1006,3.6,Yes
Male,Shirt,L,Turquoise,SKU_1007,3.6,Yes
Male,Handbag,XL,Charcoal,SKU_1008,4.5,Yes
Male,Blouse,M,Yellow,SKU_1009,4.1,Yes
Male,Backpack,M,Blue,SKU_1010,4.2,Yes
Male,Hat,M,Purple,SKU_1011,4,Yes
Male,Skirt,L,Green,SKU_1012,2.8,Yes
Male,Socks,M,Black,SKU_1013,4.5,Yes
Male,Dress,S,Gold,SKU_1014,3,Yes
Male,Dress,L,Charcoal,SKU_1015,3.4,Yes
Male,Sandals,S,Black,SKU_1016,3.5,Yes
Male,Jacket,S,Indigo,SKU_1017,3.5,Yes
Male,Blouse,S,Green,SKU_1018,4.9,Yes
Male,Skirt,L,Gold,SKU_1019,4.7,Yes
Male,Sandals,S,Orange,SKU_1020,4.9,Yes
Male,Hoodie,L,Yellow,SKU_1021,3.2,Yes
Male,Scarf,XL,Black,SKU_1022,4,Yes
Male,Boots,XL,Orange,SKU_1023,4.2,Yes
Male,Boots,M,Magenta,SKU_1024,4.8,Yes
Male,Sandals,M,Pink,SKU_1025,4.4,Yes
Male,Hoodie,S,Violet,SKU_1026,2.8,Yes
Male,Sweater,L,Pink,SKU_1027,3.8,Yes
Male,Belt,M,Gold,SKU_1028,3.1,Yes
Male,Jeans,XL,Red,SKU_1029,3.2,Yes
Male,Boots,M,Black,SKU_1030,3.6,Yes
Male,Socks,L,Lavender,SKU_1031,2.5,Yes
Male,Jacket,M,Maroon,SKU_1032,2.5,Yes
Male,Boots,S,Teal,SKU_1033,3.2,Yes
Male,Sneakers,L,Maroon,SKU_1034,2.9,Yes
Male,Pants,L,Silver,SKU_1035,4.9,Yes
Male,Shirt,S,Gray,SKU_1036,4.7,Yes
Male,Shoes,L,Yellow,SKU_1037,4.8,Yes
Male,Boots,L,Violet,SKU_1038,4.6,Yes
Male,Sneakers,S,Charcoal,SKU_1039,4.8,Yes
Male,Shorts,M,Green,SKU_1040,4.5,Yes
Male,Jewelry,XL,Olive,SKU_1041,4.7,Yes
Male,Jewelry,M,Purple,SKU_1042,4.4,Yes
Male,Hat,L,Turquoise,SKU_1043,3.5,Yes
Male,Sweater,S,Pink,SKU_1044,3.9,Yes
Male,Hat,M,Magenta,SKU_1045,4.1,Yes
Male,Belt,XL,Silver,SKU_1046,4.3,Yes
Male,Jewelry,M,Gold,SKU_1047,3.6,Yes
Male,Skirt,S,Gray,SKU_1048,3.3,Yes
Male,Gloves,S,Magenta,SKU_1049,4.1,Yes
Male,Gloves,L,Red,SKU_1050,3.4,Yes
Male,Sneakers,S,Yellow,SKU_1051,5,Yes
Male,Hat,L,Pink,SKU_1052,4,Yes
Male,Shirt,S,Black,SKU_1053,2.7,Yes
Male,Belt,S,Gold,SKU_1054,2.7,Yes
Male,Jewelry,M,Brown,SKU_1055,4.5,Yes
Male,Jacket,S,Magenta,SKU_1056,3.8,Yes
Male,Boots,S,Olive,SKU_1057,3.4,Yes
Male,Jeans,L,Maroon,SKU_1058,4.8,Yes
Male,Jeans,XL,Silver,SKU_1059,2.7,Yes
Male,Belt,M,Teal,SKU_1060,3,Yes
Male,Blouse,L,Beige,SKU_1061,4.4,Yes
Male,Dress,XL,White,SKU_1062,4.6,Yes
Male,Blouse,XL,Gray,SKU_1063,3,Yes
Male,Sneakers,L,Silver,SKU_1064,3.9,Yes
Male,Jeans,S,Turquoise,SKU_1065,3.9,Yes
Male,Jeans,L,Indigo,SKU_1066,4.5,Yes
Male,Gloves,M,Violet,SKU_1067,3.4,Yes
Male,Sunglasses,L,Cyan,SKU_1068,4.9,Yes
Male,Hat,M,Brown,SKU_1069,4.4,Yes
Male,Backpack,M,White,SKU_1070,2.7,Yes
Male,Socks,L,Pink,SKU_1071,4.4,Yes
Male,Backpack,M,Lavender,SKU_1072,3.1,Yes
Male,Backpack,S,Violet,SKU_1073,4.5,Yes
Male,Jacket,S,Silver,SKU_1074,4.4,Yes
Male,Blouse,M,Green,SKU_1075,3.4,Yes
Male,Sandals,S,Turquoise,SKU_1076,4,Yes
Male,Shoes,L,Black,SKU_1077,3.2,Yes
Male,Shorts,M,Red,SKU_1078,2.9,Yes
Male,Handbag,S,Indigo,SKU_1079,2.9,Yes
Male,Sneakers,XL,Purple,SKU_1080,3.8,Yes
Male,Dress,M,Silver,SKU_1081,3.7,Yes
Male,Sneakers,M,Black,SKU_1082,2.9,Yes
Male,Blouse,L,Purple,SKU_1083,3,Yes
Male,Blouse,M,Indigo,SKU_1084,4.8,Yes
Male,Shorts,S,Lavender,SKU_1085,2.7,Yes
Male,Shorts,S,Cyan,SKU_1086,4.5,Yes
Male,Hoodie,M,Gold,SKU_1087,2.7,Yes
Male,Backpack,L,Magenta,SKU_1088,3.5,Yes
Male,Sunglasses,XL,Teal,SKU_1089,3.5,Yes
Male,Scarf,M,Purple,SKU_1090,3.2,Yes
Male,Sunglasses,L,Peach,SKU_1091,4.2,Yes
Male,Sneakers,S,Green,SKU_1092,3,Yes
Male,Backpack,M,Turquoise,SKU_1093,4.1,Yes
Male,Pants,L,Brown,SKU_1094,4.8,Yes
Male,Jewelry,L,Silver,SKU_1095,4.5,Yes
Male,Skirt,L,White,SKU_1096,3.4,Yes
Male,Skirt,S,Magenta,SKU_1097,4.2,Yes
Male,Shirt,M,Turquoise,SKU_1098,3.6,Yes
Male,Pants,S,Maroon,SKU_1099,4.9,Yes
Male,Jacket,M,Violet,SKU_1100,3.1,Yes
Male,Scarf,XL,Yellow,SKU_1101,4.3,Yes
Male,Blouse,S,Silver,SKU_1102,3.1,Yes
Male,Sweater,M,Charcoal,SKU_1103,3,Yes
Male,Boots,M,Purple,SKU_1104,4,Yes
Male,Socks,M,Beige,SKU_1105,3.5,Yes
Male,Belt,L,Cyan,SKU_1106,3.2,Yes
Male,Jeans,S,Pink,SKU_1107,3,Yes
Male,Shoes,M,Cyan,SKU_1108,3.3,Yes
Male,Backpack,S,Magenta,SKU_1109,3.5,Yes
Male,Jewelry,S,Pink,SKU_1110,4.7,Yes
Male,Hat,XL,Maroon,SKU_1111,2.6,Yes
Male,Boots,S,Yellow,SKU_1112,4.7,Yes
Male,Shirt,XL,Red,SKU_1113,2.9,Yes
Male,Sunglasses,S,Charcoal,SKU_1114,2.8,Yes
Male,Belt,M,Lavender,SKU_1115,3.4,Yes
Male,T-shirt,S,White,SKU_1116,4.3,Yes
Male,Shorts,S,Gray,SKU_1117,2.7,Yes
Male,Sandals,XL,Cyan,SKU_1118,4.6,Yes
Male,Jewelry,S,Black,SKU_1119,4,Yes
Male,Scarf,L,Gray,SKU_1120,3.9,Yes
Male,Backpack,M,Cyan,SKU_1121,3.5,Yes
Male,Skirt,L,Beige,SKU_1122,3,Yes
Male,Sweater,L,Violet,SKU_1123,3.9,Yes
Male,Gloves,S,White,SKU_1124,4.7,Yes
Male,Coat,S,Orange,SKU_1125,3.6,Yes
Male,Sunglasses,L,Violet,SKU_1126,3.2,Yes
Male,Dress,M,Peach,SKU_1127,3.5,Yes
Male,Jacket,M,Black,SKU_1128,4.6,Yes
Male,Gloves,L,Blue,SKU_1129,3.3,Yes
Male,Scarf,L,Pink,SKU_1130,3.9,Yes
Male,Scarf,L,Green,SKU_1131,2.8,Yes
Male,Handbag,S,Silver,SKU_1132,3.7,Yes
Male,Pants,M,Gray,SKU_1133,2.6,Yes
Male,Coat,M,Blue,SKU_1134,3.9,Yes
Male,Sweater,L,Gold,SKU_1135,3.2,Yes
Male,Blouse,L,Brown,SKU_1136,2.6,Yes
Male,Skirt,L,Turquoise,SKU_1137,3.2,Yes
Male,Gloves,M,Black,SKU_1138,3.9,Yes
Male,Gloves,S,Beige,SKU_1139,2.7,Yes
Male,Shirt,XL,Gold,SKU_1140,3.5,Yes
Male,Skirt,M,Blue,SKU_1141,3.1,Yes
Male,Handbag,L,Brown,SKU_1142,3.4,Yes
Male,Boots,L,Gold,SKU_1143,3.8,Yes
Male,Blouse,M,Violet,SKU_1144,3.4,Yes
Male,Coat,M,Peach,SKU_1145,3.2,Yes
Male,Pants,S,Magenta,SKU_1146,4.8,No
Male,Shoes,M,Olive,SKU_1147,3.4,No
Male,Sneakers,L,Green,SKU_1148,3.7,No
Male,Blouse,M,Pink,SKU_1149,4.6,No
Male,Handbag,S,Peach,SKU_1150,3,No
Male,Coat,M,Black,SKU_1151,3.2,No
Male,Shoes,L,Blue,SKU_1152,3.5,No
Male,Jacket,XL,Olive,SKU_1153,4.9,No
Male,Shirt,L,Lavender,SKU_1154,3.5,No
Male,Belt,XL,Turquoise,SKU_1155,4.8,No
Male,Hoodie,L,Black,SKU_1156,4.1,No
Male,Handbag,XL,Blue,SKU_1157,3.8,No
Male,Sneakers,M,Lavender,SKU_1158,3.9,No
Male,Sunglasses,M,Brown,SKU_1159,3,No
Male,Shorts,L,Maroon,SKU_1160,4.9,No
Male,Pants,XL,Orange,SKU_1161,3.8,No
Male,T-shirt,S,Beige,SKU_1162,3.8,No
Male,Dress,XL,Gray,SKU_1163,3.4,No
Male,Hoodie,L,Orange,SKU_1164,2.9,No
Male,T-shirt,L,Pink,SKU_1165,3.4,No
Male,Shorts,S,Beige,SKU_1166,2.8,No
Male,Jewelry,S,Magenta,SKU_1167,4.3,No
Male,Scarf,XL,Gold,SKU_1168,3.3,No
Male,Shoes,S,Teal,SKU_1169,3.3,No
Male,Blouse,S,Violet,SKU_1170,4,No
Male,Jeans,L,Black,SKU_1171,4.3,No
Male,Shirt,S,Silver,SKU_1172,4.2,No
Male,Belt,S,Charcoal,SKU_1173,2.6,No
Male,Blouse,L,Black,SKU_1174,3.4,No
Male,Jeans,L,Brown,SKU_1175,3.1,No
Male,Handbag,M,Green,SKU_1176,2.9,No
Male,Pants,L,Charcoal,SKU_1177,3.3,No
Male,Pants,XL,Teal,SKU_1178,3.6,No
Male,Sandals,XL,White,SKU_1179,4.3,No
Male,Skirt,XL,Brown,SKU_1180,3.3,No
Male,Sunglasses,L,Teal,SKU_1181,3,No
Male,Skirt,L,Teal,SKU_1182,3.9,No
Male,Boots,L,Blue,SKU_1183,3.3,No
Male,Dress,S,Beige,SKU_1184,3.8,No
Male,Jewelry,S,Cyan,SKU_1185,2.8,No
Male,Sweater,L,Green,SKU_1186,4,No
Male,Skirt,XL,Peach,SKU_1187,3.5,No
Male,Hoodie,S,Green,SKU_1188,4.9,No
Male,Sandals,M,Brown,SKU_1189,3.1,No
Male,Sweater,S,Cyan,SKU_1190,4.3,No
Male,Backpack,M,Pink,SKU_1191,4.3,No
Male,Shirt,XL,Turquoise,SKU_1192,4.7,No
Male,Sweater,M,Lavender,SKU_1193,3.7,No
Male,Sneakers,L,Purple,SKU_1194,4.7,No
Male,Belt,M,Red,SKU_1195,4.9,No
Male,T-shirt,M,Pink,SKU_1196,3.7,No
Male,Handbag,L,Lavender,SKU_1197,3.3,No
Male,Backpack,L,Yellow,SKU_1198,4.8,No
Male,Gloves,S,Peach,SKU_1199,4.1,No
Male,Blouse,L,Peach,SKU_1200,3,No
Male,Gloves,S,Violet,SKU_1201,3.7,No
Male,Jeans,S,Purple,SKU_1202,4,No
Male,Hat,S,White,SKU_1203,3.8,No
Male,Jeans,S,Violet,SKU_1204,4,No
Male,Skirt,S,Brown,SKU_1205,3.1,No
Male,Belt,L,Maroon,SKU_1206,3.9,No
Male,Dress,L,Magenta,SKU_1207,3.7,No
Male,Coat,XL,Indigo,SKU_1208,2.7,No
Male,Sweater,M,Turquoise,SKU_1209,3.9,No
Male,Sneakers,S,Gray,SKU_1210,3.5,No
Male,Sweater,L,Peach,SKU_1211,4.4,No
Male,T-shirt,L,Gold,SKU_1212,4.9,No
Male,Boots,S,Blue,SKU_1213,4.9,No
Male,Shoes,L,White,SKU_1214,4.5,No
Male,Shirt,S,Cyan,SKU_1215,4.4,No
Male,Pants,XL,Magenta,SKU_1216,3.8,No
Male,T-shirt,M,Turquoise,SKU_1217,4.2,No
Male,T-shirt,S,Pink,SKU_1218,4.9,No
Male,Sunglasses,M,Blue,SKU_1219,4.8,No
Male,Jewelry,M,Blue,SKU_1220,4.6,No
Male,Jewelry,M,Yellow,SKU_1221,4.5,No
Male,Scarf,M,Lavender,SKU_1222,3.2,No
Male,Socks,L,Blue,SKU_1223,3,No
Male,Handbag,M,Black,SKU_1224,4.4,No
Male,Jacket,M,Charcoal,SKU_1225,4.7,No
Male,Scarf,M,Yellow,SKU_1226,2.9,No
Male,Gloves,S,Black,SKU_1227,2.8,No
Male,Sweater,XL,Violet,SKU_1228,3.8,No
Male,Blouse,XL,Olive,SKU_1229,2.9,No
Male,Belt,L,Beige,SKU_1230,3.7,No
Male,Sneakers,S,Peach,SKU_1231,3.6,No
Male,Sandals,L,Orange,SKU_1232,4.3,No
Male,Backpack,S,Cyan,SKU_1233,3.2,No
Male,T-shirt,XL,Gold,SKU_1234,4.2,No
Male,Skirt,M,Brown,SKU_1235,3.4,No
Male,Blouse,L,Violet,SKU_1236,4.3,No
Male,Jeans,XL,Violet,SKU_1237,2.7,No
Male,Sweater,XL,Red,SKU_1238,2.9,No
Male,Pants,L,Purple,SKU_1239,3.6,No
Male,Socks,L,Magenta,SKU_1240,3.4,No
Male,Shorts,S,Pink,SKU_1241,4.3,No
Male,Jewelry,S,Maroon,SKU_1242,4.4,No
Male,Gloves,L,Beige,SKU_1243,4.4,No
Male,Hoodie,XL,Gold,SKU_1244,3.5,No
Male,Hoodie,XL,Turquoise,SKU_1245,3.4,No
Male,Jewelry,M,Gray,SKU_1246,2.6,No
Male,Hoodie,M,Purple,SKU_1247,2.5,No
Male,Pants,L,Magenta,SKU_1248,3.5,No
Male,Jewelry,S,Blue,SKU_1249,3.3,No
Male,Pants,M,Gold,SKU_1250,3.3,No
Male,T-shirt,S,Silver,SKU_1251,4.2,No
Male,Backpack,M,Green,SKU_1252,4.6,No
Male,Skirt,L,Orange,SKU_1253,4.8,No
Male,Scarf,XL,Charcoal,SKU_1254,2.7,No
Male,Sweater,S,Charcoal,SKU_1255,3.4,No
Male,Backpack,M,Magenta,SKU_1256,4.7,No
Male,Skirt,S,Purple,SKU_1257,4.6,No
Male,Blouse,M,Purple,SKU_1258,2.8,No
Male,Pants,M,Pink,SKU_1259,2.9,No
Male,Sunglasses,S,Lavender,SKU_1260,3.7,No
Male,Pants,L,Turquoise,SKU_1261,3.5,No
Male,Sandals,L,Violet,SKU_1262,4.1,No
Male,Jacket,L,Gold,SKU_1263,2.7,No
Male,Blouse,XL,Violet,SKU_1264,4.8,No
Male,Jewelry,S,Teal,SKU_1265,4.3,No
Male,Jeans,L,Blue,SKU_1266,3.8,No
Male,Shoes,XL,Peach,SKU_1267,3.3,No
Male,T-shirt,L,Brown,SKU_1268,3.1,No
Male,Dress,L,Gray,SKU_1269,4.7,No
Male,Backpack,L,Blue,SKU_1270,4.6,No
Male,Gloves,L,Gold,SKU_1271,2.7,No
Male,Gloves,M,Pink,SKU_1272,4.2,No
Male,Socks,M,Pink,SKU_1273,4.9,No
Male,Shorts,M,Gray,SKU_1274,2.7,No
Male,Jeans,L,Red,SKU_1275,3.3,No
Male,Jacket,XL,Purple,SKU_1276,3.7,No
Male,Shirt,S,Blue,SKU_1277,4.2,No
Male,Hat,XL,Indigo,SKU_1278,3.4,No
Male,Skirt,XL,Red,SKU_1279,4.5,No
Male,Sunglasses,L,Magenta,SKU_1280,3.8,No
Male,Sandals,M,Green,SKU_1281,4.4,No
Male,Gloves,M,Gold,SKU_1282,3.9,No
Male,Belt,XL,White,SKU_1283,3.4,No
Male,Jewelry,S,Charcoal,SKU_1284,4,No
Male,Backpack,L,White,SKU_1285,3.4,No
Male,Sneakers,M,Brown,SKU_1286,3.7,No
Male,Hoodie,L,Gold,SKU_1287,4.9,No
Male,Blouse,S,Purple,SKU_1288,5,No
Male,Sneakers,L,Indigo,SKU_1289,3.3,No
Male,Socks,L,Indigo,SKU_1290,4.6,No
Male,Shirt,M,Red,SKU_1291,2.7,No
Male,Sneakers,S,Blue,SKU_1292,3.1,No
Male,Sandals,M,Cyan,SKU_1293,3.4,No
Male,Scarf,S,Pink,SKU_1294,4.4,No
Male,Belt,S,Pink,SKU_1295,4.5,No
Male,Shoes,S,Violet,SKU_1296,3.4,No
Male,Socks,S,Green,SKU_1297,4.1,No
Male,Shirt,S,Red,SKU_1298,4.7,No
Male,Socks,S,Teal,SKU_1299,4.1,No
Male,Socks,L,Silver,SKU_1300,3.7,No
Male,Shoes,S,Gold,SKU_1301,4.8,No
Male,Sunglasses,S,Green,SKU_1302,2.8,No
Male,Socks,L,Charcoal,SKU_1303,4,No
Male,Jeans,L,Olive,SKU_1304,3.6,No
Male,Shorts,M,Peach,SKU_1305,2.9,No
Male,T-shirt,S,Yellow,SKU_1306,4.1,No
Male,Blouse,S,Lavender,SKU_1307,3.1,No
Male,Belt,S,Green,SKU_1308,4.3,No
Male,Blouse,L,Orange,SKU_1309,4.4,No
Male,T-shirt,M,Olive,SKU_1310,3.1,No
Male,Jewelry,XL,Gray,SKU_1311,2.9,No
Male,Jacket,S,Lavender,SKU_1312,3.2,No
Male,Shoes,M,Red,SKU_1313,4,No
Male,Jeans,L,Orange,SKU_1314,3,No
Male,Pants,M,Maroon,SKU_1315,2.8,No
Male,Jewelry,M,Silver,SKU_1316,3.1,No
Male,Sneakers,XL,Pink,SKU_1317,3.9,No
Male,T-shirt,L,Black,SKU_1318,3.8,No
Male,Sweater,XL,Gold,SKU_1319,2.9,No
Male,Handbag,M,Silver,SKU_1320,3.4,No
Male,Shorts,XL,Beige,SKU_1321,3.7,No
Male,Sweater,S,Magenta,SKU_1322,2.6,No
Male,Shorts,M,Cyan,SKU_1323,2.9,No
Male,Sneakers,M,Blue,SKU_1324,2.9,No
Male,Pants,XL,Beige,SKU_1325,3.1,No
Male,Jewelry,XL,Black,SKU_1326,3.9,No
Male,Jewelry,XL,Red,SKU_1327,3.1,No
Male,Gloves,S,Indigo,SKU_1328,4.6,No
Male,Coat,S,Cyan,SKU_1329,4.3,No
Male,Jeans,M,Yellow,SKU_1330,2.9,No
Male,Blouse,S,Brown,SKU_1331,4,No
Male,Jeans,M,Teal,SKU_1332,4.6,No
Male,Dress,L,Beige,SKU_1333,4.7,No
Male,Hat,M,Blue,SKU_1334,4.7,No
Male,Jeans,XL,Beige,SKU_1335,3,No
Male,Dress,M,Maroon,SKU_1336,4.2,No
Male,Dress,L,Blue,SKU_1337,4.7,No
Male,Sneakers,S,Cyan,SKU_1338,3.9,No
Male,Shirt,M,Blue,SKU_1339,3.6,No
Male,Hoodie,XL,Beige,SKU_1340,4.2,No
Male,Socks,L,Cyan,SKU_1341,3.9,No
Male,Sunglasses,XL,Pink,SKU_1342,2.6,No
Male,Shirt,M,Magenta,SKU_1343,2.9,No
Male,Scarf,S,Red,SKU_1344,3.1,No
Male,Coat,L,Cyan,SKU_1345,3.7,No
Male,Skirt,M,Magenta,SKU_1346,4.7,No
Male,Sandals,XL,Maroon,SKU_1347,2.9,No
Male,Sunglasses,M,Red,SKU_1348,2.8,No
Male,Socks,XL,Purple,SKU_1349,4.6,No
Male,Boots,M,Red,SKU_1350,3,No
Male,Handbag,M,Brown,SKU_1351,3.7,No
Male,Shoes,L,Orange,SKU_1352,3.7,No
Male,Skirt,S,White,SKU_1353,4.8,No
Male,Sunglasses,XL,White,SKU_1354,4.6,No
Male,Skirt,S,Charcoal,SKU_1355,4.8,No
Male,T-shirt,XL,Turquoise,SKU_1356,4.6,No
Male,Shorts,L,Magenta,SKU_1357,4.5,No
Male,Gloves,XL,Olive,SKU_1358,4.6,No
Male,Shorts,S,Black,SKU_1359,2.7,No
Male,Shoes,L,Gray,SKU_1360,4.5,No
Male,Jacket,S,Purple,SKU_1361,3.5,No
Male,Gloves,S,Cyan,SKU_1362,5,No
Male,Belt,S,Red,SKU_1363,3.4,No
Male,Gloves,XL,Green,SKU_1364,3,No
Male,Sandals,XL,Teal,SKU_1365,4.3,No
Male,Blouse,XL,Brown,SKU_1366,4,No
Male,Blouse,S,Maroon,SKU_1367,3.8,No
Male,Jeans,M,Brown,SKU_1368,3.7,No
Male,Dress,M,Gray,SKU_1369,4.8,No
Male,Scarf,M,Maroon,SKU_1370,4.9,No
Male,Pants,L,Peach,SKU_1371,4.9,No
Male,Dress,M,Indigo,SKU_1372,3.1,No
Male,Jeans,S,Lavender,SKU_1373,3.4,No
Male,Sandals,XL,Beige,SKU_1374,4.5,No
Male,Pants,M,Brown,SKU_1375,3.3,No
Male,Belt,L,Gold,SKU_1376,4.1,No
Male,Pants,XL,Silver,SKU_1377,4,No
Male,Belt,XL,Beige,SKU_1378,4.5,No
Male,Sandals,M,Gray,SKU_1379,4.7,No
Male,Scarf,S,Gray,SKU_1380,4.4,No
Male,Pants,M,Silver,SKU_1381,3.9,No
Male,Sneakers,S,Teal,SKU_1382,3.8,No
Male,T-shirt,M,Yellow,SKU_1383,2.7,No
Male,Sneakers,L,Beige,SKU_1384,3.8,No
Male,Jewelry,L,Indigo,SKU_1385,3.8,No
Male,Jacket,M,Purple,SKU_1386,3.5,No
Male,Shorts,M,Gold,SKU_1387,4.8,No
Male,Socks,L,Gray,SKU_1388,4.9,No
Male,Gloves,XL,Indigo,SKU_1389,4.3,No
Male,Shoes,L,Gold,SKU_1390,3.8,No
Male,Shoes,S,Maroon,SKU_1391,3.9,No
Male,Skirt,L,Olive,SKU_1392,4.2,No
Male,Scarf,XL,Green,SKU_1393,3.5,No
Male,Coat,XL,Yellow,SKU_1394,3.9,No
Male,Gloves,S,Blue,SKU_1395,3.8,No
Male,Sweater,L,Charcoal,SKU_1396,2.7,No
Male,Skirt,M,Yellow,SKU_1397,4.4,No
Male,Dress,L,Turquoise,SKU_1398,4.5,No
Male,Gloves,M,Maroon,SKU_1399,3.8,No
Male,Hoodie,XL,Maroon,SKU_1400,3,No
Male,Sneakers,S,Red,SKU_1401,4.2,No
Male,Handbag,S,Black,SKU_1402,4.1,No
Male,Belt,L,Pink,SKU_1403,4.6,No
Male,Jewelry,M,Orange,SKU_1404,3.8,No
Male,Boots,L,Magenta,SKU_1405,3.3,No
Male,Coat,M,Indigo,SKU_1406,5,No
Male,Hat,L,Beige,SKU_1407,2.9,No
Male,Socks,M,Orange,SKU_1408,4.7,No
Male,Handbag,L,Cyan,SKU_1409,2.9,No
Male,Coat,XL,Lavender,SKU_1410,4.4,No
Male,Sunglasses,S,Beige,SKU_1411,4.8,No
Male,Hoodie,L,Silver,SKU_1412,4.7,No
Male,Gloves,L,Silver,SKU_1413,3.4,No
Male,Handbag,XL,Brown,SKU_1414,4.4,No
Male,Sandals,XL,Turquoise,SKU_1415,5,No
Male,Gloves,L,White,SKU_1416,4.7,No
Male,Coat,L,Brown,SKU_1417,3.5,No
Male,Boots,M,Charcoal,SKU_1418,4.4,No
Male,Backpack,L,Orange,SKU_1419,2.9,No
Male,Scarf,XL,Olive,SKU_1420,2.6,No
Male,Shirt,M,Beige,SKU_1421,3.8,No
Male,Belt,M,Green,SKU_1422,3.1,No
Male,Skirt,M,Olive,SKU_1423,4.9,No
Male,Sandals,XL,Lavender,SKU_1424,3.5,No
Male,T-shirt,S,Orange,SKU_1425,3.3,No
Male,Shoes,M,Orange,SKU_1426,4.9,No
Male,Blouse,M,Orange,SKU_1427,3.9,No
Male,Shirt,L,Cyan,SKU_1428,4.2,No
Male,Scarf,M,Gray,SKU_1429,4.3,No
Male,Socks,XL,Pink,SKU_1430,4.2,No
Male,Sunglasses,L,Maroon,SKU_1431,4.2,No
Male,Socks,M,Charcoal,SKU_1432,3.7,No
Male,Boots,XL,Silver,SKU_1433,3.1,No
Male,Backpack,L,Peach,SKU_1434,2.9,No
Male,Gloves,XL,Cyan,SKU_1435,4.1,No
Male,Blouse,L,Magenta,SKU_1436,4,No
Male,Scarf,M,Brown,SKU_1437,3.8,No
Male,Hat,M,Gold,SKU_1438,4,No
Male,Shirt,XL,Yellow,SKU_1439,4.6,No
Male,Sandals,L,Peach,SKU_1440,2.9,No
Male,Sunglasses,L,Black,SKU_1441,2.9,No
Male,Sunglasses,M,Peach,SKU_1442,4.2,No
Male,Shorts,M,Beige,SKU_1443,3,No
Male,Hoodie,M,Cyan,SKU_1444,2.7,No
Male,Shorts,XL,Violet,SKU_1445,2.7,No
Male,Sweater,M,Blue,SKU_1446,2.7,No
Male,Jacket,S,Green,SKU_1447,4.2,No
Male,Sneakers,XL,Maroon,SKU_1448,4.4,No
Male,Jacket,XL,White,SKU_1449,4.3,No
Male,Hoodie,S,Olive,SKU_1450,3.4,No
Male,Jacket,M,Peach,SKU_1451,2.8,No
Male,Gloves,M,Brown,SKU_1452,5,No
Male,Sneakers,S,Black,SKU_1453,4.5,No
Male,Sneakers,XL,Magenta,SKU_1454,3.4,No
Male,Handbag,M,Maroon,SKU_1455,2.8,No
Male,Shirt,L,Peach,SKU_1456,2.9,No
Male,Hat,S,Violet,SKU_1457,3,No
Male,Coat,S,Violet,SKU_1458,4.1,No
Male,T-shirt,M,Magenta,SKU_1459,4.5,No
Male,Socks,M,Purple,SKU_1460,3.4,No
Male,Sweater,XL,Cyan,SKU_1461,4.6,No
Male,Belt,L,Lavender,SKU_1462,3.4,No
Male,T-shirt,L,Turquoise,SKU_1463,4.6,No
Male,Scarf,L,Red,SKU_1464,4.8,No
Male,Blouse,XL,Indigo,SKU_1465,3.3,No
Male,Skirt,L,Cyan,SKU_1466,3.7,No
Male,Sandals,M,Yellow,SKU_1467,5,No
Male,Blouse,XL,Pink,SKU_1468,2.7,No
Male,Dress,S,Olive,SKU_1469,4.2,No
Male,Socks,XL,Maroon,SKU_1470,2.9,No
Male,Belt,XL,Cyan,SKU_1471,2.9,No
Male,Skirt,S,Teal,SKU_1472,2.9,No
Male,Coat,M,Green,SKU_1473,3.9,No
Male,Sunglasses,S,Silver,SKU_1474,4.1,No
Male,Shoes,S,Peach,SKU_1475,2.6,No
Male,Backpack,XL,Orange,SKU_1476,3.1,No
Male,Backpack,M,Violet,SKU_1477,4.2,No
Male,Skirt,L,Pink,SKU_1478,4.1,No
Male,Shorts,M,Turquoise,SKU_1479,4,No
Male,Handbag,M,Cyan,SKU_1480,3.5,No
Male,Dress,XL,Orange,SKU_1481,4.4,No
Male,Jacket,L,Purple,SKU_1482,4.4,No
Male,Handbag,L,Teal,SKU_1483,3.5,No
Male,Shorts,XL,Brown,SKU_1484,4.6,No
Male,Boots,XL,Blue,SKU_1485,4,No
Male,Jacket,L,Magenta,SKU_1486,4.9,No
Male,Coat,M,Purple,SKU_1487,3.7,No
Male,Shorts,S,Peach,SKU_1488,3.4,No
Male,Jewelry,S,Peach,SKU_1489,4.7,No
Male,Skirt,S,Cyan,SKU_1490,3.6,No
Male,Socks,S,Charcoal,SKU_1491,2.6,No
Male,Sunglasses,XL,Red,SKU_1492,3.2,No
Male,Coat,S,Purple,SKU_1493,3.9,No
Male,Jewelry,M,White,SKU_1494,3.7,No
Male,Shoes,L,Olive,SKU_1495,3.9,No
Male,Boots,L,Gray,SKU_1496,3,No
Male,Backpack,L,Pink,SKU_1497,3.8,No
Male,Boots,XL,Peach,SKU_1498,3,No
Male,T-shirt,XL,Magenta,SKU_1499,3.1,No
Male,Shorts,XL,Yellow,SKU_1500,4.7,No
Male,Backpack,XL,Gray,SKU_1501,4.5,No
Male,Socks,S,Indigo,SKU_1502,3.6,No
Male,Sunglasses,XL,Gold,SKU_1503,4.3,No
Male,Sneakers,XL,Olive,SKU_1504,4,No
Male,Blouse,M,Silver,SKU_1505,3.9,No
Male,T-shirt,M,Red,SKU_1506,4.4,No
Male,Shorts,M,Silver,SKU_1507,4,No
Male,Socks,L,Black,SKU_1508,4.5,No
Male,Dress,M,Gold,SKU_1509,4.7,No
Male,Dress,S,Indigo,SKU_1510,3.6,No
Male,Jeans,M,Lavender,SKU_1511,2.5,No
Male,Coat,L,Yellow,SKU_1512,4.6,No
Male,Jacket,S,Olive,SKU_1513,3.3,No
Male,Blouse,XL,Maroon,SKU_1514,3.2,No
Male,Shirt,L,Black,SKU_1515,3,No
Male,Jewelry,XL,Teal,SKU_1516,4.4,No
Male,Backpack,XL,Olive,SKU_1517,3.3,No
Male,Belt,M,Gray,SKU_1518,3.9,No
Male,Shoes,XL,Teal,SKU_1519,3.1,No
Male,Jeans,M,Violet,SKU_1520,3.1,No
Male,Jacket,L,Maroon,SKU_1521,4.2,No
Male,Sandals,XL,Purple,SKU_1522,3.6,No
Male,Shorts,S,Maroon,SKU_1523,4.8,No
Male,Pants,L,Indigo,SKU_1524,3.9,No
Male,Backpack,M,Yellow,SKU_1525,4.9,No
Male,Jacket,XL,Silver,SKU_1526,4.2,No
Male,Shirt,L,Silver,SKU_1527,3.6,No
Male,Skirt,S,Pink,SKU_1528,4.2,No
Male,Skirt,S,Violet,SKU_1529,2.7,No
Male,Hoodie,XL,Peach,SKU_1530,2.9,No
Male,Pants,M,Magenta,SKU_1531,3.7,No
Male,Sunglasses,XL,Olive,SKU_1532,2.7,No
Male,Belt,L,Peach,SKU_1533,4,No
Male,T-shirt,S,Lavender,SKU_1534,3.9,No
Male,Socks,L,Maroon,SKU_1535,4.2,No
Female,Shorts,L,Cyan,SKU_1536,3.3,No
Female,Blouse,L,Lavender,SKU_1537,4.8,No
Female,Coat,S,Pink,SKU_1538,4.1,No
Female,Sunglasses,M,Gray,SKU_1539,3.4,No
Female,Shorts,L,Yellow,SKU_1540,3.6,No
Female,Dress,M,Pink,SKU_1541,2.7,No
Female,Handbag,XL,Indigo,SKU_1542,3.2,No
Female,Boots,L,Gray,SKU_1543,4.4,No
Female,Pants,L,Yellow,SKU_1544,4.9,No
Female,Boots,XL,Olive,SKU_1545,4.8,No
Female,Skirt,M,Cyan,SKU_1546,2.8,No
Female,Sneakers,L,Silver,SKU_1547,2.9,No
Female,Jewelry,L,Silver,SKU_1548,3.2,No
Female,T-shirt,L,Red,SKU_1549,3.5,No
Female,Sandals,S,Brown,SKU_1550,4.1,No
Female,Boots,M,Orange,SKU_1551,4.1,No
Female,Coat,M,Black,SKU_1552,4.8,No
Female,Belt,L,Teal,SKU_1553,2.8,No
Female,Sunglasses,M,Yellow,SKU_1554,4.7,No
Female,Sandals,XL,Gray,SKU_1555,4.8,No
Female,Boots,M,Maroon,SKU_1556,2.9,No
Female,Hoodie,M,Olive,SKU_1557,2.6,No
Female,Hat,S,Charcoal,SKU_1558,3.3,No
Female,Shorts,M,Peach,SKU_1559,3.4,No
Female,Backpack,M,Maroon,SKU_1560,3.6,No
Female,Shorts,L,Olive,SKU_1561,3.8,No
Female,Belt,M,Magenta,SKU_1562,3.4,No
Female,Shorts,S,Yellow,SKU_1563,3.8,No
Female,Socks,L,Indigo,SKU_1564,3.3,No
Female,Shoes,L,Olive,SKU_1565,4.8,No
Female,Sneakers,L,Maroon,SKU_1566,3.9,No
Female,Backpack,M,Indigo,SKU_1567,4.2,No
Female,Dress,M,Gray,SKU_1568,4.7,No
Female,Boots,M,Gray,SKU_1569,2.7,No
Female,Socks,M,Black,SKU_1570,3.8,No
Female,Dress,M,White,SKU_1571,3.6,No
Female,Handbag,XL,Turquoise,SKU_1572,2.9,No
Female,Blouse,M,Orange,SKU_1573,3.9,No
Female,Belt,L,Yellow,SKU_1574,4.7,No
Female,Pants,L,Blue,SKU_1575,3.3,No
Female,Sneakers,XL,Violet,SKU_1576,4.2,No
Female,Boots,L,Lavender,SKU_1577,2.6,No
Female,Sunglasses,M,Olive,SKU_1578,4.9,No
Female,Hat,M,Orange,SKU_1579,3.6,No
Female,Coat,M,White,SKU_1580,4.7,No
Female,Jacket,L,Red,SKU_1581,3.2,No
Female,Hoodie,M,Magenta,SKU_1582,3.6,No
Female,Boots,M,Violet,SKU_1583,3.6,No
Female,T-shirt,XL,Olive,SKU_1584,3.2,No
Female,Sweater,L,Silver,SKU_1585,2.8,No
Female,Shoes,L,Gray,SKU_1586,4,No
Female,Scarf,XL,Olive,SKU_1587,4.4,No
Female,Dress,L,Beige,SKU_1588,3.4,No
Female,Jacket,S,Turquoise,SKU_1589,5,No
Female,Shoes,S,Blue,SKU_1590,3.1,No
Female,Backpack,M,Pink,SKU_1591,4.2,No
Female,Dress,M,Teal,SKU_1592,3.3,No
Female,Shirt,S,Cyan,SKU_1593,2.9,No
Female,Jacket,L,Purple,SKU_1594,4.7,No
Female,Sunglasses,L,Red,SKU_1595,4,No
Female,Jacket,L,Brown,SKU_1596,4.6,No
Female,Coat,M,Magenta,SKU_1597,3.8,No
Female,Sweater,S,Olive,SKU_1598,3.6,No
Female,Sneakers,XL,Pink,SKU_1599,4.1,No
Female,Shoes,L,Black,SKU_1600,2.7,No
Female,Sunglasses,XL,Beige,SKU_1601,4.3,No
Female,Hoodie,S,Peach,SKU_1602,4.2,No
Female,Scarf,M,Peach,SKU_1603,2.8,No
Female,Sandals,S,Teal,SKU_1604,4.9,No
Female,Hat,M,Green,SKU_1605,2.8,No
Female,Shoes,XL,Brown,SKU_1606,2.9,No
Female,Sneakers,M,Brown,SKU_1607,2.5,No
Female,Backpack,S,Violet,SKU_1608,2.7,No
Female,Belt,L,Blue,SKU_1609,3.3,No
Female,Shirt,L,Charcoal,SKU_1610,3.7,No
Female,Skirt,M,Pink,SKU_1611,4,No
Female,Gloves,S,Violet,SKU_1612,4.1,No
Female,Gloves,M,Teal,SKU_1613,4.1,No
Female,Handbag,M,Red,SKU_1614,2.5,No
Female,Socks,L,Orange,SKU_1615,4.2,No
Female,Backpack,M,Magenta,SKU_1616,4.7,No
Female,Jeans,XL,Yellow,SKU_1617,2.7,No
Female,Skirt,M,Yellow,SKU_1618,3,No
Female,Hoodie,M,Pink,SKU_1619,4.8,No
Female,Jewelry,S,Indigo,SKU_1620,4.4,No
Female,Sneakers,M,Charcoal,SKU_1621,4.3,No
Female,Shirt,XL,Blue,SKU_1622,2.5,No
Female,Sunglasses,M,Lavender,SKU_1623,4.9,No
Female,Dress,L,Yellow,SKU_1624,4.9,No
Female,Shoes,M,Black,SKU_1625,3.9,No
Female,Belt,S,Beige,SKU_1626,4.1,No
Female,Shirt,M,Silver,SKU_1627,3.3,No
Female,Boots,M,Magenta,SKU_1628,4.1,No
Female,Hoodie,M,Orange,SKU_1629,3.7,No
Female,Jeans,M,Teal,SKU_1630,3.1,No
Female,Jacket,L,Turquoise,SKU_1631,3,No
Female,Jacket,M,Cyan,SKU_1632,3.4,No
Female,Sandals,L,Pink,SKU_1633,2.7,No
Female,Dress,S,Indigo,SKU_1634,3.1,No
Female,Sweater,S,Peach,SKU_1635,4,No
Female,Gloves,M,Beige,SKU_1636,3.6,No
Female,Sunglasses,L,Gold,SKU_1637,3.6,No
Female,Belt,M,Indigo,SKU_1638,3.3,No
Female,Hat,L,Violet,SKU_1639,4.1,No
Female,Hat,XL,Brown,SKU_1640,4.3,No
Female,Blouse,M,Purple,SKU_1641,3.2,No
Female,Shoes,M,Turquoise,SKU_1642,3.9,No
Female,Skirt,S,Violet,SKU_1643,5,No
Female,Sneakers,M,Purple,SKU_1644,3.4,No
Female,T-shirt,M,Charcoal,SKU_1645,3.8,No
Female,Handbag,M,Green,SKU_1646,2.9,No
Female,Sweater,XL,White,SKU_1647,2.6,No
Female,Gloves,M,Purple,SKU_1648,4.3,No
Female,Dress,M,Cyan,SKU_1649,2.8,No
Female,Dress,M,Green,SKU_1650,4.5,No
Female,Blouse,M,Beige,SKU_1651,3.8,No
Female,Shirt,L,Lavender,SKU_1652,3,No
Female,Boots,S,Blue,SKU_1653,3.3,No
Female,Jacket,S,Beige,SKU_1654,3.1,No
Female,Backpack,L,Blue,SKU_1655,3.5,No
Female,Pants,S,Maroon,SKU_1656,4.6,No
Female,Boots,L,Yellow,SKU_1657,4.1,No
Female,Socks,L,Red,SKU_1658,3.6,No
Female,Scarf,L,Green,SKU_1659,2.9,No
Female,Blouse,M,Magenta,SKU_1660,4.8,No
Female,Sunglasses,L,Blue,SKU_1661,4.3,No
Female,Boots,M,Charcoal,SKU_1662,4.1,No
Female,Sandals,M,Blue,SKU_1663,4.6,No
Female,Gloves,S,Cyan,SKU_1664,3.8,No
Female,Skirt,M,Silver,SKU_1665,4.5,No
Female,Skirt,M,Black,SKU_1666,3.1,No
Female,Blouse,S,Green,SKU_1667,2.9,No
Female,Handbag,M,Violet,SKU_1668,3.8,No
Female,Boots,XL,Pink,SKU_1669,4.1,No
Female,Boots,M,Olive,SKU_1670,3.1,No
Female,Sweater,L,Orange,SKU_1671,5,No
Female,Gloves,M,Yellow,SKU_1672,2.8,No
Female,Shorts,L,Violet,SKU_1673,3.2,No
Female,Boots,M,Silver,SKU_1674,3.1,No
Female,Jacket,M,Gold,SKU_1675,3.3,No
Female,Scarf,M,Magenta,SKU_1676,3.4,No
Female,Jacket,M,Red,SKU_1677,3.8,No
Female,Jewelry,M,Green,SKU_1678,3.5,No
Female,Hoodie,XL,Red,SKU_1679,4.8,No
Female,T-shirt,L,Pink,SKU_1680,3.9,No
Female,Shirt,L,Violet,SKU_1681,3.4,No
Female,Shirt,M,Indigo,SKU_1682,2.6,No
Female,Coat,L,Red,SKU_1683,3.1,No
Female,T-shirt,M,Violet,SKU_1684,3.3,No
Female,Hoodie,M,Cyan,SKU_1685,2.8,No
Female,Sunglasses,S,Black,SKU_1686,4.3,No
Female,Blouse,L,Purple,SKU_1687,2.7,No
Female,Hoodie,M,Charcoal,SKU_1688,4.4,No
Female,Skirt,M,Beige,SKU_1689,3.9,No
Female,Shorts,XL,Teal,SKU_1690,3,No
Female,Jeans,M,Purple,SKU_1691,4,No
Female,Jacket,M,Blue,SKU_1692,3.7,No
Female,Hoodie,XL,Magenta,SKU_1693,3.8,No
Female,Shirt,S,Maroon,SKU_1694,3.3,No
Female,T-shirt,L,Gold,SKU_1695,3.6,No
Female,Blouse,L,Black,SKU_1696,3.9,No
Female,Backpack,XL,Yellow,SKU_1697,3.4,No
Female,Shorts,M,Turquoise,SKU_1698,4.7,No
Female,Backpack,L,Yellow,SKU_1699,3.9,No
Female,Skirt,S,Brown,SKU_1700,4.1,No
Female,Dress,M,Olive,SKU_1701,4.5,No
Female,Hat,M,Purple,SKU_1702,4,No
Female,Handbag,M,Yellow,SKU_1703,4.3,No
Female,Handbag,L,Brown,SKU_1704,3.6,No
Female,Scarf,L,Lavender,SKU_1705,2.6,No
Female,Jewelry,XL,Teal,SKU_1706,3.4,No
Female,Skirt,L,Cyan,SKU_1707,2.9,No
Female,Hoodie,L,Pink,SKU_1708,5,No
Female,Jacket,M,Indigo,SKU_1709,2.9,No
Female,T-shirt,S,Pink,SKU_1710,4.9,No
Female,Pants,M,Charcoal,SKU_1711,5,No
Female,Shoes,M,Brown,SKU_1712,4.5,No
Female,Scarf,L,Teal,SKU_1713,2.8,No
Female,Dress,XL,Magenta,SKU_1714,3,No
Female,Coat,L,Green,SKU_1715,4.3,No
Female,Sweater,M,White,SKU_1716,3.6,No
Female,Hat,M,Indigo,SKU_1717,4.4,No
Female,Backpack,L,Lavender,SKU_1718,4.1,No
Female,Socks,XL,Black,SKU_1719,2.8,No
Female,Jewelry,L,Charcoal,SKU_1720,2.8,No
Female,Coat,M,Gold,SKU_1721,4.1,No
Female,Sweater,M,Silver,SKU_1722,3,No
Female,Blouse,L,Teal,SKU_1723,3,No
Female,Hat,M,Magenta,SKU_1724,3.2,No
Female,Sandals,M,Beige,SKU_1725,2.7,No
Female,Boots,S,Maroon,SKU_1726,3.8,No
Female,Dress,S,Maroon,SKU_1727,3.8,No
Female,Jeans,L,Teal,SKU_1728,3.8,No
Female,Shirt,M,Gold,SKU_1729,2.9,No
Female,Coat,M,Teal,SKU_1730,3.4,No
Female,Coat,S,Violet,SKU_1731,4.7,No
Female,T-shirt,M,Yellow,SKU_1732,3.9,No
Female,Sweater,S,Maroon,SKU_1733,3.6,No
Female,Blouse,S,Violet,SKU_1734,3.1,No
Female,Sneakers,L,White,SKU_1735,4.9,No
Female,Backpack,M,Black,SKU_1736,2.6,No
Female,Socks,M,White,SKU_1737,4.2,No
Female,Jewelry,M,Blue,SKU_1738,4.8,No
Female,Shorts,S,Black,SKU_1739,2.7,No
Female,Jewelry,L,Olive,SKU_1740,2.6,No
Female,Sweater,M,Teal,SKU_1741,2.6,No
Female,Shirt,L,Silver,SKU_1742,3.1,No
Female,Pants,M,Pink,SKU_1743,2.6,No
Female,Socks,M,Silver,SKU_1744,3.6,No
Female,Dress,L,Turquoise,SKU_1745,4.3,No
Female,Blouse,XL,Turquoise,SKU_1746,4.9,No
Female,Skirt,L,Beige,SKU_1747,4.8,No
Female,Backpack,M,Cyan,SKU_1748,4.2,No
Female,Blouse,L,Gold,SKU_1749,2.6,No
Female,Socks,XL,Silver,SKU_1750,3.2,No
Female,Boots,M,Purple,SKU_1751,3.4,No
Female,Backpack,M,Yellow,SKU_1752,3.5,No
Female,Hat,L,Blue,SKU_1753,4.2,No
Female,Sandals,L,Blue,SKU_1754,2.8,No
Female,Hoodie,L,Green,SKU_1755,5,No
Female,Sunglasses,M,Charcoal,SKU_1756,3.3,No
Female,Jeans,M,Violet,SKU_1757,3.7,No
Female,T-shirt,XL,Black,SKU_1758,2.5,No
Female,Belt,S,Orange,SKU_1759,3.1,No
Female,Jewelry,S,Brown,SKU_1760,3.5,No
Female,Blouse,M,Silver,SKU_1761,3.3,No
Female,Jacket,L,Violet,SKU_1762,2.5,No
Female,Sneakers,XL,Peach,SKU_1763,4.6,No
Female,Boots,M,Gold,SKU_1764,4.2,No
Female,Blouse,XL,Violet,SKU_1765,4,No
Female,Blouse,L,Olive,SKU_1766,2.6,No
Female,Boots,S,Orange,SKU_1767,4.6,No
Female,Scarf,S,Teal,SKU_1768,3.5,No
Female,Sandals,M,Gray,SKU_1769,4,No
Female,Sunglasses,L,Black,SKU_1770,4.8,No
Female,Coat,M,Indigo,SKU_1771,3.9,No
Female,Sunglasses,XL,Lavender,SKU_1772,3.7,No
Female,Belt,M,Blue,SKU_1773,2.9,No
Female,Socks,XL,Orange,SKU_1774,2.9,No
Female,Shoes,M,Yellow,SKU_1775,4,No
Female,Coat,L,Cyan,SKU_1776,3.5,No
Female,Sweater,M,Yellow,SKU_1777,3.8,No
Female,Shirt,M,Cyan,SKU_1778,4.5,No
Female,Shorts,M,Green,SKU_1779,2.7,No
Female,Shirt,XL,White,SKU_1780,2.9,No
Female,Shoes,L,Charcoal,SKU_1781,3.8,No
Female,Sunglasses,XL,Brown,SKU_1782,4.9,No
Female,Handbag,M,Cyan,SKU_1783,4.6,No
Female,Sunglasses,L,Beige,SKU_1784,3.5,No
Female,Shirt,M,Magenta,SKU_1785,4.2,No
Female,Shirt,L,Indigo,SKU_1786,3.7,No
Female,Sweater,M,Maroon,SKU_1787,2.8,No
Female,Handbag,M,Gray,SKU_1788,4.8,No
Female,Shirt,M,Black,SKU_1789,2.7,No
Female,Jewelry,L,Yellow,SKU_1790,3.6,No
Female,Socks,XL,White,SKU_1791,4.5,No
Female,T-shirt,M,Orange,SKU_1792,4,No
Female,Jewelry,M,Magenta,SKU_1793,4.5,No
Female,Backpack,L,Black,SKU_1794,3.9,No
Female,Hat,M,Brown,SKU_1795,3.8,No
Female,Gloves,M,Orange,SKU_1796,4.7,No
Female,Sneakers,XL,Gray,SKU_1797,4.6,No
Female,Skirt,M,White,SKU_1798,3.6,No
Female,Handbag,M,White,SKU_1799,4.3,No
Female,Sunglasses,M,Violet,SKU_1800,3,No
Female,Sweater,M,Beige,SKU_1801,4.3,No
Female,Handbag,L,Beige,SKU_1802,4.8,No
Female,Skirt,L,Purple,SKU_1803,3.7,No
Female,Socks,M,Brown,SKU_1804,2.6,No
Female,Shirt,M,Orange,SKU_1805,3.4,No
Female,Sneakers,XL,Cyan,SKU_1806,3.9,No
Female,Belt,M,Charcoal,SKU_1807,4.8,No
Female,Pants,L,Purple,SKU_1808,2.8,No
Female,Jewelry,L,Peach,SKU_1809,4.4,No
Female,Pants,M,Violet,SKU_1810,3.1,No
Female,Jewelry,M,Peach,SKU_1811,3.8,No
Female,Jeans,S,Maroon,SKU_1812,4.1,No
Female,Scarf,L,Maroon,SKU_1813,4.6,No
Female,Belt,M,Peach,SKU_1814,4.9,No
Female,Dress,M,Silver,SKU_1815,4.8,No
Female,T-shirt,M,Indigo,SKU_1816,3.9,No
Female,Jewelry,S,Gray,SKU_1817,4.7,No
Female,Handbag,L,Maroon,SKU_1818,4.7,No
Female,Coat,S,Olive,SKU_1819,3.6,No
Female,Hoodie,S,Gold,SKU_1820,2.8,No
Female,Pants,L,Pink,SKU_1821,4,No
Female,Boots,M,Brown,SKU_1822,3.6,No
Female,Coat,S,White,SKU_1823,3.8,No
Female,Scarf,M,Blue,SKU_1824,4.4,No
Female,Boots,L,Orange,SKU_1825,2.8,No
Female,Sweater,S,Gray,SKU_1826,4.9,No
Female,Belt,S,Blue,SKU_1827,4.3,No
Female,Jewelry,M,White,SKU_1828,3.4,No
Female,Handbag,L,Yellow,SKU_1829,3.9,No
Female,Jacket,S,Indigo,SKU_1830,4.2,No
Female,Boots,M,Blue,SKU_1831,2.7,No
Female,Scarf,XL,Lavender,SKU_1832,4.5,No
Female,Coat,M,Silver,SKU_1833,2.8,No
Female,Shorts,L,Gold,SKU_1834,3.4,No
Female,Shorts,S,Cyan,SKU_1835,3.9,No
Female,Jeans,L,Olive,SKU_1836,2.6,No
Female,Gloves,L,Teal,SKU_1837,4.4,No
Female,Dress,M,Orange,SKU_1838,3.6,No
Female,Gloves,L,Red,SKU_1839,4.3,No
Female,Belt,S,Teal,SKU_1840,3,No
Female,Belt,S,Silver,SKU_1841,3.3,No
Female,Skirt,L,Black,SKU_1842,2.5,No
Female,Socks,S,Pink,SKU_1843,5,No
Female,Belt,XL,Teal,SKU_1844,4.3,No
Female,Shirt,M,Teal,SKU_1845,4.2,No
Female,Dress,L,Green,SKU_1846,3.9,No
Female,Socks,M,Charcoal,SKU_1847,3.9,No
Female,Jacket,L,Indigo,SKU_1848,4.2,No
Female,Sweater,S,White,SKU_1849,3.5,No
Female,Jeans,M,Orange,SKU_1850,2.5,No
Female,Sweater,S,Yellow,SKU_1851,2.7,No
Female,Hoodie,M,Red,SKU_1852,4.7,No
Female,Sunglasses,S,Charcoal,SKU_1853,3.8,No
Female,Sandals,M,Lavender,SKU_1854,3.7,No
Female,Coat,L,Charcoal,SKU_1855,4.7,No
Female,Belt,M,Maroon,SKU_1856,3.6,No
Female,Blouse,M,Brown,SKU_1857,2.8,No
Female,Skirt,M,Lavender,SKU_1858,3.7,No
Female,Shorts,XL,Brown,SKU_1859,3.5,No
Female,Sunglasses,L,Lavender,SKU_1860,3,No
Female,Shoes,M,Gold,SKU_1861,4.9,No
Female,Belt,M,Silver,SKU_1862,4.6,No
Female,Belt,M,Violet,SKU_1863,3.3,No
Female,Belt,S,Brown,SKU_1864,3,No
Female,Belt,M,Teal,SKU_1865,3.5,No
Female,Skirt,L,Peach,SKU_1866,4.2,No
Female,T-shirt,M,Maroon,SKU_1867,4.5,No
Female,Sunglasses,S,Purple,SKU_1868,3.3,No
Female,Boots,M,Green,SKU_1869,3,No
Female,Jacket,M,Yellow,SKU_1870,3.9,No
Female,Jeans,S,Charcoal,SKU_1871,2.8,No
Female,Sunglasses,S,Blue,SKU_1872,4.5,No
Female,Backpack,M,Brown,SKU_1873,2.9,No
Female,Blouse,S,White,SKU_1874,4,No
Female,Shoes,XL,Green,SKU_1875,3.4,No
Female,Shirt,L,Magenta,SKU_1876,2.5,No
Female,Hoodie,XL,Peach,SKU_1877,2.8,No
Female,Dress,L,Charcoal,SKU_1878,3,No
Female,Dress,M,Gold,SKU_1879,3.1,No
Female,Sneakers,XL,Purple,SKU_1880,2.6,No
Female,Backpack,XL,Green,SKU_1881,3.5,No
Female,Boots,L,Peach,SKU_1882,3.5,No
Female,Handbag,M,Gold,SKU_1883,4.5,No
Female,Hoodie,S,Violet,SKU_1884,4.3,No
Female,Belt,L,Charcoal,SKU_1885,4.8,No
Female,Jewelry,M,Brown,SKU_1886,4.2,No
Female,Blouse,L,Blue,SKU_1887,3.2,No
Female,Handbag,M,Orange,SKU_1888,4,No
Female,Coat,L,Turquoise,SKU_1889,2.9,No
Female,Belt,S,Peach,SKU_1890,2.6,No
Female,Socks,L,Black,SKU_1891,4.6,No
Female,Shoes,M,White,SKU_1892,3.2,No
Female,Sneakers,M,Violet,SKU_1893,4.1,No
Female,Jewelry,M,Olive,SKU_1894,3.9,No
Female,Handbag,L,Red,SKU_1895,3,No
Female,Coat,S,Green,SKU_1896,3.6,No
Female,Shoes,XL,Olive,SKU_1897,4.5,No
Female,Shoes,L,Brown,SKU_1898,3.2,No
Female,Boots,S,Magenta,SKU_1899,4.9,No
Female,Sandals,M,Violet,SKU_1900,5,No
Female,Backpack,M,Blue,SKU_1901,3.4,No
Female,Handbag,S,Orange,SKU_1902,3.8,No
Female,Sweater,L,Maroon,SKU_1903,3.2,No
Female,Coat,S,Charcoal,SKU_1904,4.7,No
Female,T-shirt,L,Olive,SKU_1905,4.5,No
Female,Backpack,L,Green,SKU_1906,3.3,No
Female,Sunglasses,L,Brown,SKU_1907,3.9,No
Female,Belt,S,Cyan,SKU_1908,3.6,No
Female,Jacket,M,Beige,SKU_1909,2.8,No
Female,Skirt,L,Teal,SKU_1910,4.3,No
Female,Belt,S,Gray,SKU_1911,3.5,No
Female,Boots,M,Indigo,SKU_1912,4.2,No
Female,Jeans,L,Magenta,SKU_1913,4.6,No
Female,Shoes,XL,Red,SKU_1914,2.6,No
Female,Sweater,L,Turquoise,SKU_1915,3.4,No
Female,Shirt,L,White,SKU_1916,3.6,No
Female,Boots,L,Maroon,SKU_1917,4.2,No
Female,Shorts,XL,Beige,SKU_1918,3.6,No
Female,Handbag,M,Blue,SKU_1919,3.6,No
Female,Sweater,S,Red,SKU_1920,3,No
Female,Hoodie,L,Yellow,SKU_1921,4.1,No
Female,Sneakers,L,Pink,SKU_1922,4.9,No
Female,Pants,S,Purple,SKU_1923,3.5,No
Female,Scarf,S,Indigo,SKU_1924,3.2,No
Female,Sweater,L,Gray,SKU_1925,2.8,No
Female,Handbag,M,Lavender,SKU_1926,3.5,No
Female,Shirt,M,Charcoal,SKU_1927,3.1,No
Female,Shirt,M,Peach,SKU_1928,4.9,No
Female,Dress,L,Orange,SKU_1929,3.4,No
Female,Sunglasses,L,Silver,SKU_1930,3.5,No
Female,Hat,S,Beige,SKU_1931,3.4,No
Female,Shoes,M,Silver,SKU_1932,3.7,No
Female,Pants,L,Cyan,SKU_1933,3.3,No
Female,Hat,L,Purple,SKU_1934,3.9,No
Female,Jacket,M,Green,SKU_1935,4.3,No
Female,Shirt,S,Peach,SKU_1936,3,No
Female,Pants,S,Turquoise,SKU_1937,5,No
Female,Skirt,M,Olive,SKU_1938,2.7,No
Female,Sandals,M,Yellow,SKU_1939,4.7,No
Female,Blouse,L,Gray,SKU_1940,4.6,No
Female,Socks,M,Purple,SKU_1941,3.2,No
Female,Jacket,M,Gray,SKU_1942,4.3,No
Female,Handbag,L,Lavender,SKU_1943,4.6,No
Female,Belt,XL,Indigo,SKU_1944,4.9,No
Female,Shirt,L,Green,SKU_1945,2.6,No
Female,Handbag,M,Olive,SKU_1946,4.7,No
Female,Scarf,M,Charcoal,SKU_1947,4.1,No
Female,Coat,L,Gray,SKU_1948,3.7,No
Female,Shorts,L,Blue,SKU_1949,4.7,No
Female,Sandals,XL,Silver,SKU_1950,4.7,No
Female,Hoodie,L,Black,SKU_1951,2.6,No
Female,Socks,M,Pink,SKU_1952,3,No
Female,Handbag,XL,Red,SKU_1953,3.3,No
Female,Coat,L,Lavender,SKU_1954,4,No
Female,Sandals,S,Cyan,SKU_1955,4.7,No
Female,Pants,M,Yellow,SKU_1956,4.5,No
Female,Jacket,M,Peach,SKU_1957,2.9,No
Female,Shoes,L,Yellow,SKU_1958,4.7,No
Female,Skirt,M,Gray,SKU_1959,3.1,No
Female,Coat,M,Turquoise,SKU_1960,2.7,No
Female,Gloves,XL,Peach,SKU_1961,4.6,No
Female,Sunglasses,S,Peach,SKU_1962,4.9,No
Female,Sneakers,L,Magenta,SKU_1963,4,No
Female,Hoodie,M,Purple,SKU_1964,2.9,No
Female,Boots,L,Beige,SKU_1965,2.6,No
Female,Handbag,XL,Purple,SKU_1966,4.6,No
Female,Shirt,S,Yellow,SKU_1967,4.9,No
Female,Sweater,M,Pink,SKU_1968,4.3,No
Female,Shorts,L,Purple,SKU_1969,4.3,No
Female,Belt,M,Lavender,SKU_1970,4.6,No
Female,Blouse,M,Peach,SKU_1971,2.6,No
Female,T-shirt,L,Orange,SKU_1972,3.1,No
Female,Belt,M,Red,SKU_1973,3.1,No
Female,Belt,M,Gold,SKU_1974,4.4,No
Female,Handbag,M,Brown,SKU_1975,4.3,No
Female,Belt,L,Red,SKU_1976,3.1,No
Female,Jewelry,M,Gray,SKU_1977,4.9,No
Female,Hat,L,Pink,SKU_1978,2.9,No
Female,Backpack,XL,Turquoise,SKU_1979,3.8,No
Female,Dress,S,Charcoal,SKU_1980,4.2,No
Female,Shoes,L,Blue,SKU_1981,3.9,No
Female,Pants,XL,Turquoise,SKU_1982,2.8,No
Female,Dress,L,Silver,SKU_1983,2.6,No
Female,Jacket,M,Lavender,SKU_1984,3,No
Female,Dress,M,Blue,SKU_1985,2.8,No
Female,T-shirt,M,White,SKU_1986,3.8,No
Female,Sunglasses,XL,Charcoal,SKU_1987,4.4,No
Female,Jewelry,M,Maroon,SKU_1988,3.1,No
Female,Socks,M,Olive,SKU_1989,3.7,No
Female,Pants,L,Orange,SKU_1990,3.8,No
Female,Socks,M,Maroon,SKU_1991,3.4,No
Female,Sandals,XL,Turquoise,SKU_1992,4.6,No
Female,Belt,L,Beige,SKU_1993,3.2,No
Female,Sandals,L,Beige,SKU_1994,2.7,No
Female,Shorts,M,Olive,SKU_1995,4.3,No
Female,Handbag,L,Turquoise,SKU_1996,3.8,No
Female,Jacket,M,Charcoal,SKU_1997,4.4,No
Female,Sunglasses,L,Green,SKU_1998,3.6,No
Female,Sneakers,M,Green,SKU_1999,3.5,No
Female,Sweater,L,Green,SKU_2000,4.2,No
Female,Skirt,L,Gold,SKU_2001,4.7,No
Female,Jewelry,S,Cyan,SKU_2002,4.8,No
Female,Blouse,L,Indigo,SKU_2003,3.2,No
Female,Blouse,M,Lavender,SKU_2004,3.5,No
Female,Boots,M,Beige,SKU_2005,4.2,No
Female,Jeans,S,Purple,SKU_2006,3.4,No
Female,Hoodie,XL,Maroon,SKU_2007,4.7,No
Female,Sneakers,L,Gold,SKU_2008,4.6,No
Female,Sunglasses,S,Red,SKU_2009,4.9,No
Female,Belt,L,Maroon,SKU_2010,2.8,No
Female,Gloves,L,Peach,SKU_2011,2.8,No
Female,Handbag,XL,Pink,SKU_2012,4.2,No
Female,Pants,S,Indigo,SKU_2013,2.8,No
Female,Coat,L,Teal,SKU_2014,4.1,No
Female,Jacket,XL,Lavender,SKU_2015,4.3,No
Female,Socks,XL,Beige,SKU_2016,2.7,No
Female,Jewelry,L,Indigo,SKU_2017,3.3,No
Female,Shoes,L,Peach,SKU_2018,4.3,No
Female,Socks,M,Magenta,SKU_2019,2.9,No
Female,Pants,L,Turquoise,SKU_2020,4.9,No
Female,Sneakers,M,Indigo,SKU_2021,3.6,No
Female,Sunglasses,M,Brown,SKU_2022,3.3,No
Female,Hoodie,S,Olive,SKU_2023,3.4,No
Female,Sunglasses,M,Silver,SKU_2024,3.4,No
Female,Skirt,M,Teal,SKU_2025,3.9,No
Female,Coat,L,White,SKU_2026,3.5,No
Female,Sunglasses,S,Maroon,SKU_2027,4.6,No
Female,Shirt,S,Gray,SKU_2028,3.9,No
Female,Hoodie,L,Indigo,SKU_2029,2.7,No
Female,Blouse,M,Pink,SKU_2030,3,No
Female,Sneakers,XL,Beige,SKU_2031,3.3,No
Female,Scarf,XL,White,SKU_2032,2.7,No
Female,Jewelry,M,Yellow,SKU_2033,4.6,No
Female,Pants,M,Teal,SKU_2034,2.7,No
Female,Sneakers,M,Olive,SKU_2035,2.5,No
Female,Shoes,M,Maroon,SKU_2036,4.4,No
Female,Jewelry,M,Black,SKU_2037,2.5,No
Female,Belt,M,Green,SKU_2038,4,No
Female,Belt,L,Olive,SKU_2039,4.1,No
Female,T-shirt,M,Gray,SKU_2040,2.8,No
Female,Sneakers,XL,Teal,SKU_2041,3.4,No
Female,Socks,S,Beige,SKU_2042,2.8,No
Female,Sweater,M,Black,SKU_2043,4.7,No
Female,Pants,M,Purple,SKU_2044,3.2,No
Female,Sneakers,M,Magenta,SKU_2045,2.9,No
Female,T-shirt,S,Teal,SKU_2046,4.2,No
Female,Sandals,L,Brown,SKU_2047,2.7,No
Female,Sweater,S,Magenta,SKU_2048,4.9,No
Female,Shorts,M,Black,SKU_2049,2.8,No
Female,Sunglasses,L,Teal,SKU_2050,4.7,No
Female,Shirt,M,Brown,SKU_2051,3.3,No
Female,Shoes,M,Magenta,SKU_2052,4.3,No
Female,Hat,XL,Indigo,SKU_2053,3.7,No
Female,Scarf,M,Violet,SKU_2054,4.5,No
Female,Belt,L,Cyan,SKU_2055,3.4,No
Female,Pants,S,Charcoal,SKU_2056,4,No
Female,Sunglasses,M,White,SKU_2057,3.2,No
Female,Coat,S,Gray,SKU_2058,4.2,No
Female,Blouse,M,Blue,SKU_2059,4.9,No
Female,Socks,M,Indigo,SKU_2060,4.7,No
Female,Socks,XL,Magenta,SKU_2061,4.4,No
Female,Shoes,M,Lavender,SKU_2062,3.1,No
Female,Sweater,M,Cyan,SKU_2063,3.9,No
Female,Pants,XL,Green,SKU_2064,2.6,No
Female,Scarf,M,White,SKU_2065,4,No
Female,Skirt,M,Blue,SKU_2066,4.9,No
Female,Dress,M,Black,SKU_2067,3.3,No
Female,Hat,S,Red,SKU_2068,3,No
Female,Pants,L,Gold,SKU_2069,3.1,No
Female,T-shirt,M,Red,SKU_2070,4.8,No
Female,Scarf,L,White,SKU_2071,4.5,No
Female,Hat,XL,Magenta,SKU_2072,4.6,No
Female,Jacket,L,Pink,SKU_2073,5,No
Female,Handbag,XL,White,SKU_2074,4.9,No
Female,Coat,L,Black,SKU_2075,3.1,No
Female,Handbag,L,Gray,SKU_2076,4.9,No
Female,Blouse,S,Lavender,SKU_2077,2.8,No
Female,Blouse,M,Green,SKU_2078,4.2,No
Female,Jacket,M,Brown,SKU_2079,3.5,No
Female,Shorts,L,Teal,SKU_2080,4,No
Female,Hat,M,Charcoal,SKU_2081,4,No
Female,Pants,XL,Charcoal,SKU_2082,2.5,No
Female,Blouse,XL,Beige,SKU_2083,4.2,No
Female,Belt,S,Turquoise,SKU_2084,3.4,No
Female,Handbag,XL,Orange,SKU_2085,4.8,No
Female,Hoodie,L,Cyan,SKU_2086,4.9,No
Female,Jacket,L,Orange,SKU_2087,3.6,No
Female,Scarf,S,Green,SKU_2088,4,No
Female,Jeans,M,Pink,SKU_2089,2.6,No
Female,Jacket,M,Pink,SKU_2090,3.6,No
Female,Sneakers,L,Black,SKU_2091,3.9,No
Female,Hat,XL,Black,SKU_2092,3.9,No
Female,Socks,M,Violet,SKU_2093,3.3,No
Female,Scarf,S,Gold,SKU_2094,2.9,No
Female,Hat,XL,Pink,SKU_2095,4.7,No
Female,Jacket,M,Olive,SKU_2096,3.9,No
Female,Shorts,M,Indigo,SKU_2097,4.3,No
Female,Blouse,XL,Silver,SKU_2098,4.2,No
Female,Sweater,XL,Orange,SKU_2099,4.6,No
Female,T-shirt,S,Red,SKU_2100,3.3,No
Female,Sandals,M,Maroon,SKU_2101,3.7,No
Female,Gloves,M,Magenta,SKU_2102,4.3,No
Female,Backpack,M,Gray,SKU_2103,3.8,No
Female,Sneakers,M,Black,SKU_2104,3.2,No
Female,Sunglasses,M,Pink,SKU_2105,3.5,No
Female,T-shirt,M,Silver,SKU_2106,3.1,No
Female,Shirt,M,Beige,SKU_2107,3.4,No
Female,Hat,XL,Cyan,SKU_2108,3.5,No
Female,Jacket,L,Blue,SKU_2109,4.4,No
Female,Skirt,L,White,SKU_2110,2.9,No
Female,Gloves,M,Cyan,SKU_2111,3.6,No
Female,T-shirt,XL,Maroon,SKU_2112,4.4,No
Female,Jacket,XL,Olive,SKU_2113,4.5,No
Female,Jacket,M,Violet,SKU_2114,3.8,No
Female,Shorts,XL,Green,SKU_2115,3.6,No
Female,Handbag,M,Turquoise,SKU_2116,4,No
Female,Jeans,M,Black,SKU_2117,3.4,No
Female,Shoes,XL,Cyan,SKU_2118,4.4,No
Female,T-shirt,L,Gray,SKU_2119,2.8,No
Female,Jewelry,M,Red,SKU_2120,2.8,No
Female,Handbag,S,Olive,SKU_2121,4.9,No
Female,Shirt,L,Cyan,SKU_2122,4.2,No
Female,Dress,L,Teal,SKU_2123,4.6,No
Female,Skirt,M,Orange,SKU_2124,2.8,No
Female,Jeans,M,Silver,SKU_2125,3.5,No
Female,T-shirt,M,Magenta,SKU_2126,3.4,No
Female,Jacket,M,Maroon,SKU_2127,3.3,No
Female,Sweater,M,Turquoise,SKU_2128,3,No
Female,Gloves,M,Red,SKU_2129,3.6,No
Female,T-shirt,M,Blue,SKU_2130,3.1,No
Female,Sweater,M,Indigo,SKU_2131,3.8,No
Female,Hoodie,S,Turquoise,SKU_2132,4,No
Female,Sandals,M,Purple,SKU_2133,3.5,No
Female,Boots,XL,Yellow,SKU_2134,4.9,No
Female,Shirt,M,Yellow,SKU_2135,4.6,No
Female,Dress,L,Blue,SKU_2136,3.8,No
Female,Hat,L,Turquoise,SKU_2137,4.7,No
Female,Coat,M,Pink,SKU_2138,2.6,No
Female,Hoodie,L,Maroon,SKU_2139,3.8,No
Female,T-shirt,M,Lavender,SKU_2140,2.6,No
Female,Pants,S,Pink,SKU_2141,3.4,No
Female,Pants,L,Maroon,SKU_2142,3.8,No
Female,Socks,S,Red,SKU_2143,3,No
Female,Hoodie,M,Silver,SKU_2144,3.7,No
Female,Scarf,XL,Blue,SKU_2145,4.4,No
Female,Sandals,S,Yellow,SKU_2146,4.2,No
Female,Pants,XL,Black,SKU_2147,5,No
Female,Blouse,L,Yellow,SKU_2148,2.7,No
Female,Jeans,L,Pink,SKU_2149,3.8,No
Female,Pants,XL,Yellow,SKU_2150,3.3,No
Female,Backpack,L,Peach,SKU_2151,3.4,No
Female,Hoodie,M,Black,SKU_2152,4.4,No
Female,Gloves,L,Olive,SKU_2153,3.9,No
Female,Blouse,M,White,SKU_2154,4.2,No
Female,Sweater,M,Red,SKU_2155,4,No
Female,Dress,S,Purple,SKU_2156,2.6,No
Female,Socks,L,Purple,SKU_2157,4.4,No
Female,Sandals,L,Teal,SKU_2158,4.3,No
Female,Sandals,M,Magenta,SKU_2159,3.8,No
Female,Gloves,XL,Black,SKU_2160,2.5,No
Female,Blouse,M,Gold,SKU_2161,3,No
Female,Coat,M,Blue,SKU_2162,2.9,No
Female,Coat,L,Beige,SKU_2163,3.2,No
Female,Hat,M,Blue,SKU_2164,4.3,No
Female,T-shirt,XL,Turquoise,SKU_2165,2.5,No
Female,Skirt,S,Purple,SKU_2166,4.6,No
Female,Socks,M,Lavender,SKU_2167,4.2,No
Female,Belt,S,Green,SKU_2168,4.2,No
Female,Socks,M,Yellow,SKU_2169,4.5,No
Female,Pants,S,Orange,SKU_2170,3.3,No
Female,Socks,M,Beige,SKU_2171,2.7,No
Female,Belt,L,Peach,SKU_2172,2.8,No
Female,Jacket,S,Green,SKU_2173,3.5,No
Female,Shirt,M,Violet,SKU_2174,3,No
Female,Gloves,M,Gray,SKU_2175,4.5,No
Female,Handbag,L,Magenta,SKU_2176,4.3,No
Female,Sweater,XL,Charcoal,SKU_2177,4.1,No
Female,Skirt,M,Violet,SKU_2178,4.3,No
Female,Pants,S,Green,SKU_2179,3.8,No
Female,Boots,S,Purple,SKU_2180,5,No
Female,Coat,S,Yellow,SKU_2181,4.1,No
Female,Shorts,M,Pink,SKU_2182,3.6,No
Female,Shirt,L,Pink,SKU_2183,4.3,No
Female,Handbag,S,Lavender,SKU_2184,4.6,No
Female,Jewelry,L,Violet,SKU_2185,3.4,No
Female,Scarf,M,Gold,SKU_2186,3.1,No
Female,Shoes,S,Maroon,SKU_2187,4.4,No
Female,Coat,S,Peach,SKU_2188,2.7,No
Female,Backpack,M,Gold,SKU_2189,3.4,No
Female,Socks,S,Purple,SKU_2190,4.6,No
Female,Sunglasses,S,Indigo,SKU_2191,3.5,No
Female,Socks,L,Magenta,SKU_2192,3.3,No
Female,Sandals,S,Blue,SKU_2193,3.1,No
Female,Pants,M,Cyan,SKU_2194,4.4,No
Female,Sneakers,M,Orange,SKU_2195,4.4,No
Female,Boots,XL,Orange,SKU_2196,3.2,No
Female,Handbag,S,Teal,SKU_2197,3.8,No
Female,Handbag,M,Magenta,SKU_2198,4.6,No
Female,Sweater,S,Orange,SKU_2199,4.9,No
Female,Sandals,L,Peach,SKU_2200,3.5,No
Female,Socks,S,Maroon,SKU_2201,3.4,No
Female,Gloves,M,Gold,SKU_2202,3.9,No
Female,Hoodie,L,White,SKU_2203,3.9,No
Female,Dress,L,Gray,SKU_2204,4.2,No
Female,Shirt,XL,Brown,SKU_2205,3.4,No
Female,Shorts,L,Charcoal,SKU_2206,4.9,No
Female,Sweater,XL,Teal,SKU_2207,4.9,No
Female,Dress,L,Black,SKU_2208,4.6,No
Female,Pants,M,Orange,SKU_2209,4.3,No
Female,Gloves,M,Turquoise,SKU_2210,4.6,No
Female,Scarf,M,Silver,SKU_2211,3.5,No
Female,Shorts,XL,Gray,SKU_2212,2.8,No
Female,Shoes,M,Pink,SKU_2213,4,No
Female,Shirt,S,Silver,SKU_2214,4.6,No
Female,Backpack,M,Green,SKU_2215,4.7,No
Female,Shirt,M,Pink,SKU_2216,3.9,No
Female,Handbag,S,Violet,SKU_2217,4,No
Female,Jewelry,L,Red,SKU_2218,3.7,No
Female,Shirt,L,Olive,SKU_2219,3.7,No
Female,Handbag,S,Purple,SKU_2220,4.2,No
Female,Pants,M,Gray,SKU_2221,4.7,No
Female,T-shirt,L,Brown,SKU_2222,4.3,No
Female,Sneakers,S,Orange,SKU_2223,4.9,No
Female,Shirt,M,White,SKU_2224,3.4,No
Female,Blouse,XL,Charcoal,SKU_2225,4.2,No
Female,Dress,XL,Charcoal,SKU_2226,4,No
Female,Boots,S,White,SKU_2227,4,No
Female,Shorts,M,White,SKU_2228,3.7,No
Female,Hat,S,Brown,SKU_2229,3.1,No
Female,Pants,L,Silver,SKU_2230,2.9,No
Female,Sunglasses,L,Olive,SKU_2231,3.5,No
Female,Sweater,M,Olive,SKU_2232,3.8,No
Female,Blouse,S,Charcoal,SKU_2233,4.7,No
Female,Scarf,L,Gray,SKU_2234,4.5,No
Female,T-shirt,S,Maroon,SKU_2235,3.9,No
Female,Shoes,XL,Violet,SKU_2236,4.6,No
Female,Pants,L,Indigo,SKU_2237,4.6,No
Female,Sneakers,L,Yellow,SKU_2238,4.7,No
Female,Shoes,M,Gray,SKU_2239,3.2,No
Female,Shorts,M,Red,SKU_2240,5,No
Female,Handbag,L,Peach,SKU_2241,4.5,No
Female,Shoes,S,White,SKU_2242,4.5,No
Female,Jewelry,S,Green,SKU_2243,3.2,No
Female,Shorts,M,Magenta,SKU_2244,4.6,No
Female,Blouse,M,Olive,SKU_2245,4,No
Female,Socks,XL,Charcoal,SKU_2246,3.6,No
Female,Scarf,L,Magenta,SKU_2247,3.8,No
Female,Blouse,M,Red,SKU_2248,3,No
Female,T-shirt,M,Cyan,SKU_2249,3.4,No
Female,Shoes,S,Orange,SKU_2250,4.8,No
Female,Gloves,L,Black,SKU_2251,2.6,No
Female,Sunglasses,M,Blue,SKU_2252,2.9,No
Female,Shoes,M,Charcoal,SKU_2253,4.9,No
Female,Dress,M,Indigo,SKU_2254,5,No
Female,Blouse,L,Silver,SKU_2255,4.6,No
Female,Sweater,M,Brown,SKU_2256,4.2,No
Female,Backpack,L,Magenta,SKU_2257,4.8,No
Female,Shorts,M,Beige,SKU_2258,3,No
Female,Socks,XL,Violet,SKU_2259,3.5,No
Female,Sneakers,M,Cyan,SKU_2260,3.4,No
Female,Gloves,S,Brown,SKU_2261,4.4,No
Female,Handbag,S,Gray,SKU_2262,4.2,No
Female,Jeans,S,Orange,SKU_2263,3.1,No
Female,Scarf,S,Silver,SKU_2264,4,No
Female,Sandals,M,Olive,SKU_2265,3.3,No
Female,Dress,XL,Teal,SKU_2266,4.7,No
Female,Jeans,L,Maroon,SKU_2267,4.9,No
Female,Socks,M,Cyan,SKU_2268,4.9,No
Female,Coat,M,Violet,SKU_2269,3.7,No
Female,Belt,S,Yellow,SKU_2270,2.6,No
Female,Scarf,L,Olive,SKU_2271,4.8,No
Female,Shorts,S,Beige,SKU_2272,3.4,No
Female,Blouse,L,Brown,SKU_2273,2.7,No
Female,Sneakers,L,Indigo,SKU_2274,4.8,No
Female,Gloves,XL,Gray,SKU_2275,4.1,No
Female,Hoodie,M,Yellow,SKU_2276,4.6,No
Female,Sweater,S,Violet,SKU_2277,4.4,No
Female,Sunglasses,M,Magenta,SKU_2278,3.5,No
Female,Sandals,M,Black,SKU_2279,4.6,No
Female,Scarf,L,Charcoal,SKU_2280,2.6,No
Female,Blouse,M,Violet,SKU_2281,3.1,No
Female,Sunglasses,M,Maroon,SKU_2282,3.1,No
Female,Hoodie,XL,Purple,SKU_2283,4.6,No
Female,Scarf,S,Peach,SKU_2284,4.6,No
Female,Dress,XL,Olive,SKU_2285,2.7,No
Female,Skirt,S,Magenta,SKU_2286,3.3,No
Female,Jeans,M,Gold,SKU_2287,2.7,No
Female,Sandals,XL,Purple,SKU_2288,4.8,No
Female,Hat,L,Charcoal,SKU_2289,3.3,No
Female,Jacket,XL,Green,SKU_2290,4.8,No
Female,Sandals,M,Teal,SKU_2291,3.6,No
Female,Gloves,L,Maroon,SKU_2292,4.7,No
Female,Hoodie,L,Purple,SKU_2293,3.3,No
Female,Gloves,M,Maroon,SKU_2294,4,No
Female,Scarf,S,Magenta,SKU_2295,4.9,No
Female,Sandals,M,Turquoise,SKU_2296,2.9,No
Female,Sneakers,XL,Silver,SKU_2297,4,No
Female,Dress,M,Purple,SKU_2298,4.3,No
Female,Jewelry,M,Violet,SKU_2299,2.7,No
Female,Hat,XL,Peach,SKU_2300,5,No
Female,T-shirt,L,Lavender,SKU_2301,4.5,No
Female,Hat,M,Lavender,SKU_2302,4.8,No
Female,Hat,M,Peach,SKU_2303,2.9,No
Female,Sneakers,L,Green,SKU_2304,3.2,No
Female,Sandals,L,Cyan,SKU_2305,3.3,No
Female,Sandals,L,Lavender,SKU_2306,4.2,No
Female,Backpack,M,Olive,SKU_2307,4.6,No
Female,Coat,M,Brown,SKU_2308,3.6,No
Female,Sunglasses,L,Pink,SKU_2309,4,No
Female,Dress,L,Maroon,SKU_2310,4.4,No
Female,Scarf,XL,Magenta,SKU_2311,3.2,No
Female,Backpack,L,Silver,SKU_2312,3.4,No
Female,Shorts,M,Gray,SKU_2313,2.9,No
Female,Skirt,M,Brown,SKU_2314,4.4,No
Female,Handbag,S,Magenta,SKU_2315,3.8,No
Female,Jacket,XL,Cyan,SKU_2316,3.7,No
Female,Shoes,L,Gold,SKU_2317,3.7,No
Female,Sandals,S,Gray,SKU_2318,4.9,No
Female,Shoes,L,Indigo,SKU_2319,3.1,No
Female,Sandals,S,White,SKU_2320,3.5,No
Female,Jacket,M,Turquoise,SKU_2321,4.4,No
Female,Socks,M,Peach,SKU_2322,3.4,No
Female,Blouse,XL,Magenta,SKU_2323,3.2,No
Female,Socks,S,Silver,SKU_2324,4.6,No
Female,Handbag,L,Pink,SKU_2325,4.8,No
Female,Sandals,S,Pink,SKU_2326,4.5,No
Female,Hat,M,White,SKU_2327,4.5,No
Female,Jewelry,S,Teal,SKU_2328,4.9,No
Female,Shirt,S,Beige,SKU_2329,3.5,No
Female,Gloves,XL,Magenta,SKU_2330,4.2,No
Female,Shirt,M,Maroon,SKU_2331,4.6,No
Female,Skirt,L,Charcoal,SKU_2332,4.4,No
Female,Shorts,L,Red,SKU_2333,2.6,No
Female,Sandals,M,Charcoal,SKU_2334,4.8,No
Female,Sunglasses,L,White,SKU_2335,3,No
Female,Sandals,XL,Orange,SKU_2336,4.8,No
Female,Sweater,M,Blue,SKU_2337,2.6,No
Female,Blouse,L,Turquoise,SKU_2338,3.4,No
Female,Skirt,XL,Maroon,SKU_2339,4,No
Female,Handbag,XL,Charcoal,SKU_2340,3.4,No
Female,Shoes,M,Indigo,SKU_2341,2.7,No
Female,Sandals,M,Green,SKU_2342,4,No
Female,Blouse,M,Turquoise,SKU_2343,3.7,No
Female,Shoes,M,Peach,SKU_2344,2.6,No
Female,Hat,S,Peach,SKU_2345,3.9,No
Female,Sunglasses,S,Orange,SKU_2346,3.4,No
Female,T-shirt,XL,White,SKU_2347,4.2,No
Female,Pants,M,Red,SKU_2348,4.1,No
Female,Coat,L,Pink,SKU_2349,4,No
Female,Jacket,XL,Yellow,SKU_2350,4,No
Female,Gloves,L,Green,SKU_2351,3.1,No
Female,Dress,S,Turquoise,SKU_2352,4.4,No
Female,Belt,XL,Orange,SKU_2353,4.3,No
Female,Socks,M,Gold,SKU_2354,3.5,No
Female,Boots,M,Teal,SKU_2355,4.7,No
Female,Shoes,L,Pink,SKU_2356,3.3,No
Female,Hoodie,M,Beige,SKU_2357,3.4,No
Female,Sandals,L,Orange,SKU_2358,3.1,No
Female,Jeans,M,Red,SKU_2359,4.6,No
Female,Jewelry,S,Maroon,SKU_2360,4.9,No
Female,Shorts,M,Brown,SKU_2361,2.7,No
Female,Pants,M,Silver,SKU_2362,2.6,No
Female,Shirt,M,Purple,SKU_2363,3.2,No
Female,Shirt,M,Gray,SKU_2364,4.4,No
Female,Hoodie,M,Gray,SKU_2365,2.7,No
Female,Socks,L,Gold,SKU_2366,4.3,No
Female,Coat,XL,Cyan,SKU_2367,2.6,No
Female,Sweater,L,Olive,SKU_2368,4.3,No
Female,Backpack,M,Violet,SKU_2369,3.9,No
Female,Hoodie,M,Gold,SKU_2370,3.1,No
Female,Jewelry,S,Silver,SKU_2371,4.2,No
Female,Sunglasses,S,Turquoise,SKU_2372,4.2,No
Female,Skirt,M,Peach,SKU_2373,3.4,No
Female,Skirt,L,Red,SKU_2374,4.5,No
Female,Sandals,S,Black,SKU_2375,2.7,No
Female,Sneakers,M,Pink,SKU_2376,3.5,No
Female,Shorts,L,Green,SKU_2377,2.9,No
Female,Shirt,XL,Red,SKU_2378,4.5,No
Female,Handbag,M,Black,SKU_2379,4.9,No
Female,Shorts,XL,Black,SKU_2380,3.1,No
Female,Pants,L,Black,SKU_2381,4,No
Female,Sweater,M,Violet,SKU_2382,3.5,No
Female,Belt,S,Pink,SKU_2383,2.7,No
Female,Sneakers,L,Olive,SKU_2384,4.1,No
Female,Shorts,M,Maroon,SKU_2385,4.3,No
Female,Jeans,XL,Lavender,SKU_2386,4,No
Female,Boots,M,Pink,SKU_2387,3.7,No
Female,Gloves,XL,Orange,SKU_2388,3.2,No
Female,Jeans,L,Lavender,SKU_2389,3.8,No
Female,Hat,XL,Teal,SKU_2390,3.2,No
Female,Handbag,XL,Beige,SKU_2391,4.4,No
Female,Scarf,S,Turquoise,SKU_2392,2.6,No
Female,Gloves,M,Charcoal,SKU_2393,2.5,No
Female,Shorts,M,Lavender,SKU_2394,3.2,No
Female,Hat,M,Olive,SKU_2395,2.7,No
Female,Scarf,M,Green,SKU_2396,3.1,No
Female,Blouse,L,Peach,SKU_2397,2.9,No
Female,Coat,S,Silver,SKU_2398,4.3,No
Female,Sneakers,XL,Indigo,SKU_2399,3.8,No
Female,Pants,S,Gold,SKU_2400,2.9,No
Female,Belt,M,Purple,SKU_2401,5,No
Female,Sneakers,M,Gold,SKU_2402,4.6,No
Female,Hat,S,Gold,SKU_2403,3.2,No
Female,Blouse,M,Charcoal,SKU_2404,3.4,No
Female,Pants,M,Indigo,SKU_2405,2.9,No
Female,Boots,XL,Purple,SKU_2406,4.8,No
Female,Jacket,L,Gray,SKU_2407,4.6,No
Female,Sandals,L,Silver,SKU_2408,2.6,No
Female,Hoodie,M,Green,SKU_2409,4.8,No
Female,Sandals,M,Peach,SKU_2410,3.9,No
Female,Jeans,M,Turquoise,SKU_2411,3.7,No
Female,Jacket,L,Lavender,SKU_2412,4.2,No
Female,Hat,L,Silver,SKU_2413,4,No
Female,Sweater,M,Green,SKU_2414,4.9,No
Female,Blouse,L,Orange,SKU_2415,4,No
Female,Sweater,S,Blue,SKU_2416,3.2,No
Female,Hoodie,S,Cyan,SKU_2417,2.6,No
Female,Scarf,M,Pink,SKU_2418,3.9,No
Female,T-shirt,M,Black,SKU_2419,4.2,No
Female,Shirt,XL,Lavender,SKU_2420,4.4,No
Female,Hat,S,Yellow,SKU_2421,3.1,No
Female,T-shirt,M,Olive,SKU_2422,3.5,No
Female,Shorts,S,Blue,SKU_2423,3,No
Female,Sunglasses,M,Turquoise,SKU_2424,4.4,No
Female,Shirt,L,Turquoise,SKU_2425,2.8,No
Female,Scarf,M,Orange,SKU_2426,3.3,No
Female,T-shirt,S,Blue,SKU_2427,4.9,No
Female,Hat,M,Beige,SKU_2428,3.3,No
Female,Sweater,XL,Beige,SKU_2429,3.9,No
Female,Hat,M,Pink,SKU_2430,3.3,No
Female,Shoes,S,Cyan,SKU_2431,2.6,No
Female,Skirt,L,Maroon,SKU_2432,4.1,No
Female,Shirt,M,Red,SKU_2433,3.9,No
Female,Scarf,L,Silver,SKU_2434,2.8,No
Female,Hat,XL,Purple,SKU_2435,4,No
Female,Sandals,M,Brown,SKU_2436,4.9,No
Female,Dress,S,Yellow,SKU_2437,3.5,No
Female,Shirt,XL,Green,SKU_2438,2.6,No
Female,Dress,L,Peach,SKU_2439,4.7,No
Female,Hat,L,White,SKU_2440,3.3,No
Female,Hoodie,L,Turquoise,SKU_2441,4.2,No
Female,Backpack,L,White,SKU_2442,4.5,No
Female,Belt,L,Green,SKU_2443,2.9,No
Female,Shoes,S,Brown,SKU_2444,3.8,No
Female,Handbag,M,Beige,SKU_2445,3.1,No
